Id,Label,Degree,Weighted Degree,Eccentricity,Closeness Centrality,Betweenness Centrality,Authority,Hub,Modularity Class,PageRank,Component ID,Clustering Coefficient,Number of triangles,Eigenvector Centrality
War on Terror,War on Terror,43,70.0,4.0,2.2963709677419355,1715.174969545239,0.0076936525,0.0076936525,1,0.006697443311285174,0,0.24363233665559247,220,0.35768311934489844
Terrorism,Terrorism,114,279.0,4.0,2.006048387096774,15493.011926356141,0.020108411,0.020108411,1,0.018908649048159684,0,0.08802980903586399,567,0.6699533290262328
Islam,Islam,173,457.0,3.0,1.7580645161290323,28158.9431755568,0.0304249,0.0304249,1,0.028725692538466123,0,0.06271004167226778,933,1.0
Politics,Politics,41,72.0,4.0,2.3326612903225805,1445.281332762311,0.0073439414,0.0073439414,1,0.006573007098822266,0,0.25121951219512195,206,0.3468105285042782
Muslims Against Terrorism,Muslims Against Terrorism,8,23.0,4.0,2.4596774193548385,5.519977065265407,0.0015737017,0.0015737017,1,0.001416145974193319,0,0.8571428571428571,24,0.16261148242571546
Disability and Disabilities,Disability and Disabilities,50,68.0,4.0,2.3225806451612905,9384.802112644387,0.008917643,0.008917643,3,0.01072310795826729,0,0.09714285714285714,119,0.18284943463926737
Nigeria,Nigeria,14,15.0,4.0,2.4536290322580645,3092.27939265101,0.0026228363,0.0026228363,3,0.003016691148267326,0,0.31868131868131866,29,0.09589226031543746
People,People,23,28.0,4.0,2.3971774193548385,1188.8378853097113,0.0041965377,0.0041965377,3,0.004008218410336026,0,0.31620553359683795,80,0.17035911145308844
Life,Life,12,17.0,4.0,2.6774193548387095,592.164847544697,0.0022731246,0.0022731246,3,0.002388518500805418,0,0.3484848484848485,23,0.06985534329578563
Accessibility,Accessibility,8,10.0,5.0,3.1451612903225805,42.17190173779046,0.0015737017,0.0015737017,3,0.0020953293122286916,0,0.5,14,0.02094075551649567
Game of Thrones (TV series),Game of Thrones (TV series),2,2.0,5.0,3.318548387096774,0.0,5.245672E-4,5.245672E-4,3,7.072783821180816E-4,0,1.0,1,0.008866018342018752
Africa,Africa,6,7.0,5.0,3.441532258064516,0.0,0.0012239902,0.0012239902,3,0.001671443137413972,0,1.0,15,0.0077954041047468125
Indian Minorities,Indian Minorities,3,3.0,5.0,3.028225806451613,0.0,6.9942296E-4,6.9942296E-4,2,8.030345196550396E-4,0,1.0,3,0.025862496953339503
Indian Culture And Heritage,Indian Culture And Heritage,7,8.0,4.0,2.590725806451613,167.74520806510648,0.0013988459,0.0013988459,2,0.0014672448966038265,0,0.6190476190476191,13,0.08299188751276423
India,India,62,103.0,4.0,2.245967741935484,4286.360004554729,0.011015912,0.011015912,2,0.010251753238217004,0,0.16922263352723427,320,0.42769376488955935
Everyday Life,Everyday Life,2,2.0,5.0,3.245967741935484,0.0,5.245672E-4,5.245672E-4,3,6.53577950102398E-4,0,1.0,1,0.010522922828611466
Standard of Living,Standard of Living,6,6.0,5.0,3.441532258064516,0.0,0.0012239902,0.0012239902,3,0.001671443137413972,0,1.0,15,0.007795404104746812
War on Poverty,War on Poverty,6,6.0,5.0,3.441532258064516,0.0,0.0012239902,0.0012239902,3,0.001671443137413972,0,1.0,15,0.007795404104746812
Third World,Third World,6,6.0,5.0,3.441532258064516,0.0,0.0012239902,0.0012239902,3,0.001671443137413972,0,1.0,15,0.007795404104746812
Quality of Life,Quality of Life,6,6.0,5.0,3.441532258064516,0.0,0.0012239902,0.0012239902,3,0.001671443137413972,0,1.0,15,0.007795404104746812
Poverty,Poverty,6,6.0,5.0,3.441532258064516,0.0,0.0012239902,0.0012239902,3,0.001671443137413972,0,1.0,15,0.007795404104746812
Men,Men,4,4.0,5.0,3.092741935483871,0.0,8.742787E-4,8.742787E-4,3,9.452416210289874E-4,0,1.0,6,0.02001177711510622
Celebrities,Celebrities,4,4.0,5.0,3.092741935483871,0.0,8.742787E-4,8.742787E-4,3,9.452416210289874E-4,0,1.0,6,0.020011777115106225
Psychology,Psychology,18,24.0,4.0,2.7278225806451615,510.20158283649664,0.003322259,0.003322259,3,0.0032101857254007763,0,0.37254901960784315,57,0.08736593966145871
Human Behavior,Human Behavior,37,52.0,4.0,2.213709677419355,5753.556035049364,0.006644518,0.006644518,3,0.006219504671696927,0,0.2087087087087087,139,0.23161552117780046
Americans with Disabilities Act of 1990 (ADA),Americans with Disabilities Act of 1990 (ADA),8,9.0,5.0,3.1350806451612905,25.121449599652436,0.0015737017,0.0015737017,3,0.0018197436734690335,0,0.5714285714285714,16,0.023624069340717663
Wheelchairs,Wheelchairs,8,9.0,5.0,3.1451612903225805,41.17190173779046,0.0015737017,0.0015737017,3,0.0020198023397120513,0,0.5714285714285714,16,0.021170749714877864
Countries,Countries,21,26.0,4.0,2.4495967741935485,1389.156856763343,0.0038468263,0.0038468263,3,0.003862082091091806,0,0.3,63,0.18303302874592456
What Does It Feel Like to X?,What Does It Feel Like to X?,9,11.0,4.0,2.9193548387096775,244.96683753872446,0.0017485574,0.0017485574,3,0.0019560734223322365,0,0.4166666666666667,15,0.036066905451733106
Deafness (physiological condition),Deafness (physiological condition),10,12.0,5.0,3.127016129032258,421.9574708559637,0.0019234131,0.0019234131,4,0.002498834106502635,0,0.4,18,0.024682966764482284
Blindness,Blindness,6,8.0,5.0,3.1431451612903225,17.392634862176312,0.0012239902,0.0012239902,4,0.0014490890363303163,0,0.8,12,0.02095266205213388
Social Psychology,Social Psychology,16,18.0,4.0,2.381048387096774,808.185104736636,0.0029725477,0.0029725477,1,0.0026859188441767127,0,0.5333333333333333,64,0.21571357786564788
Emotions,Emotions,3,3.0,4.0,3.0141129032258065,0.0,6.9942296E-4,6.9942296E-4,3,7.916231551225836E-4,0,1.0,3,0.022880450672939815
Psychology of Everyday Life,Psychology of Everyday Life,50,78.0,4.0,2.181451612903226,5273.285846944445,0.008917643,0.008917643,3,0.008121190043183098,0,0.19673469387755102,241,0.3388532397624939
Medicine and Healthcare,Medicine and Healthcare,21,25.0,4.0,2.6471774193548385,2035.2349113286868,0.0038468263,0.0038468263,3,0.0035126530556240957,0,0.4142857142857143,87,0.09892790682949675
Child Development,Child Development,4,4.0,5.0,3.127016129032258,0.0,8.742787E-4,8.742787E-4,3,9.514837840108041E-4,0,1.0,6,0.025986124451879093
Parents,Parents,10,11.0,4.0,2.530241935483871,113.77493991258648,0.0019234131,0.0019234131,3,0.001881333995552967,0,0.6888888888888889,31,0.13609753077576164
Children,Children,10,11.0,4.0,2.530241935483871,113.77493991258648,0.0019234131,0.0019234131,3,0.001881333995552967,0,0.6888888888888889,31,0.13609753077576167
Law,Law,30,50.0,4.0,2.377016129032258,1134.2372103910334,0.005420528,0.005420528,2,0.005200866143989218,0,0.2597701149425287,113,0.2437367741362026
International Relations,International Relations,34,60.0,4.0,2.2661290322580645,2256.1107967800313,0.006119951,0.006119951,1,0.005710997398534133,0,0.2638146167557932,148,0.2920122886623688
Muslims,Muslims,120,318.0,3.0,1.9012096774193548,13591.509137948262,0.021157544,0.021157544,1,0.019954773018837066,0,0.08711484593837535,622,0.7670807040602741
Marriage,Marriage,5,5.0,4.0,2.586693548387097,1.7708333333333333,0.0010491344,0.0010491344,1,0.0010572761100742525,0,0.9,9,0.11272742513112037
The Atlantic (magazine),The Atlantic (magazine),5,5.0,4.0,2.6129032258064515,0.0,0.0010491344,0.0010491344,1,0.001051636555753212,0,1.0,10,0.10671301956322475
Magazines,Magazines,5,5.0,4.0,2.6129032258064515,0.0,0.0010491344,0.0010491344,1,0.001051636555753212,0,1.0,10,0.10671301956322475
Islamic State of Iraq and Syria (ISIS),Islamic State of Iraq and Syria (ISIS),18,23.0,4.0,2.4838709677419355,265.0627849083049,0.003322259,0.003322259,1,0.003218688647131161,0,0.3790849673202614,58,0.18444139634955325
Religion,Religion,168,440.0,3.0,1.7762096774193548,25246.795286785487,0.029550621,0.029550621,1,0.02704367582032767,0,0.06672369546621043,936,0.9825255885588186
Burqas and Related Etiquette & Behavior,Burqas and Related Etiquette & Behavior,5,5.0,4.0,2.8911290322580645,0.0,0.0010491344,0.0010491344,5,0.0013890196440486584,0,1.0,10,0.0328047280062291
Islamic Culture,Islamic Culture,5,5.0,4.0,2.8911290322580645,0.0,0.0010491344,0.0010491344,5,0.0013890196440486584,0,1.0,10,0.0328047280062291
Muslim Women,Muslim Women,5,5.0,4.0,2.8911290322580645,0.0,0.0010491344,0.0010491344,5,0.0013890196440486584,0,1.0,10,0.0328047280062291
Hijab,Hijab,5,5.0,4.0,2.8911290322580645,0.0,0.0010491344,0.0010491344,5,0.0013890196440486584,0,1.0,10,0.0328047280062291
What Should Everyone Know About X?,What Should Everyone Know About X?,5,5.0,4.0,2.8911290322580645,0.0,0.0010491344,0.0010491344,5,0.0013890196440486584,0,1.0,10,0.0328047280062291
Sunni Islam,Sunni Islam,24,41.0,4.0,2.379032258064516,352.157068155799,0.0043713935,0.0043713935,1,0.003776071791010713,0,0.41304347826086957,114,0.2716497228770789
Shia Islam,Shia Islam,37,65.0,4.0,2.286290322580645,1103.4321885202253,0.006644518,0.006644518,1,0.005753287441422232,0,0.29429429429429427,196,0.34431583092599616
Military History and Wars,Military History and Wars,31,38.0,4.0,2.346774193548387,1523.9313466784283,0.0055953837,0.0055953837,0,0.00480049834741332,0,0.33763440860215055,157,0.287398287978268
Islamic Corporate Governance,Islamic Corporate Governance,6,6.0,4.0,2.6451612903225805,0.0,0.0012239902,0.0012239902,2,0.001178796940884279,0,1.0,15,0.07740072785251295
Islamic Government,Islamic Government,6,6.0,4.0,2.6451612903225805,0.0,0.0012239902,0.0012239902,2,0.0011787969408842789,0,1.0,15,0.07740072785251295
Government,Government,24,35.0,4.0,2.3911290322580645,1201.3587082144131,0.0043713935,0.0043713935,2,0.004221172904286396,0,0.3188405797101449,88,0.22066465553082118
History,History,26,32.0,4.0,2.379032258064516,763.1453886690066,0.004721105,0.004721105,6,0.004297704314830979,0,0.38461538461538464,125,0.26560276953948986
Interfaith Marriage and Relationships,Interfaith Marriage and Relationships,9,9.0,4.0,2.6108870967741935,0.0,0.0017485574,0.0017485574,1,0.00159331434518605,0,1.0,36,0.128749174753408
Pork,Pork,16,20.0,4.0,2.5443548387096775,17.90788498713028,0.0029725477,0.0029725477,1,0.002561425417329643,0,0.7083333333333334,85,0.1875271240046552
Husbands,Husbands,9,9.0,4.0,2.6108870967741935,0.0,0.0017485574,0.0017485574,1,0.00159331434518605,0,1.0,36,0.128749174753408
Marriage Advice,Marriage Advice,9,9.0,4.0,2.6108870967741935,0.0,0.0017485574,0.0017485574,1,0.00159331434518605,0,1.0,36,0.12874917475340797
Saudi Arabia,Saudi Arabia,11,12.0,4.0,2.6068548387096775,5.073464912280701,0.0020982688,0.0020982688,1,0.0019088392845008804,0,0.7636363636363637,42,0.13918332682850013
Eating,Eating,9,9.0,4.0,2.6108870967741935,0.0,0.0017485574,0.0017485574,1,0.00159331434518605,0,1.0,36,0.12874917475340797
Food,Food,19,23.0,4.0,2.5,179.05390238402597,0.0034971149,0.0034971149,1,0.0030801450793162357,0,0.5672514619883041,97,0.20978855242513209
Religious Studies,Religious Studies,3,3.0,4.0,2.625,0.0,6.9942296E-4,6.9942296E-4,1,7.210032979459102E-4,0,1.0,3,0.09638059147339537
Islam in Indonesia,Islam in Indonesia,2,2.0,6.0,3.911290322580645,0.0,5.245672E-4,5.245672E-4,0,8.576799220932105E-4,0,1.0,1,0.0030066263200452165
Indonesia,Indonesia,2,2.0,6.0,3.911290322580645,0.0,5.245672E-4,5.245672E-4,0,8.576799220932105E-4,0,1.0,1,0.0030066263200452165
Movies,Movies,13,14.0,5.0,2.9153225806451615,1603.2070456998931,0.0024479805,0.0024479805,0,0.0029217704502080394,0,0.2948717948717949,23,0.05253867080771359
Judaism,Judaism,24,38.0,4.0,2.336693548387097,233.28359643768593,0.0043713935,0.0043713935,1,0.0037034528157682987,0,0.5108695652173914,141,0.28758527521839056
Conversion to Islam,Conversion to Islam,9,9.0,4.0,2.4879032258064515,0.0,0.0017485574,0.0017485574,1,0.0015480069080638999,0,1.0,36,0.1639791294730066
Religious Terrorism,Religious Terrorism,21,41.0,4.0,2.4576612903225805,179.94298289828157,0.0038468263,0.0038468263,1,0.0034322173457041966,0,0.45714285714285713,96,0.22261330599644655
Religious Conversion,Religious Conversion,22,27.0,4.0,2.370967741935484,206.68800217181672,0.0040216823,0.0040216823,1,0.0034685113135883706,0,0.48917748917748916,113,0.2615702595223924
Belief and Beliefs,Belief and Beliefs,17,17.0,3.0,2.2943548387096775,1088.003072176203,0.0031474035,0.0031474035,8,0.0027663847224263663,0,0.5367647058823529,73,0.20654103829673243
Fear,Fear,5,5.0,4.0,2.5725806451612905,0.0,0.0010491344,0.0010491344,0,0.001006280554750474,0,1.0,10,0.09506722424365256
Europe,Europe,11,11.0,4.0,2.443548387096774,93.43468141153966,0.0020982688,0.0020982688,0,0.0019078982169405154,0,0.6545454545454545,36,0.14667967006848615
The United States of America,The United States of America,23,27.0,4.0,2.370967741935484,601.8721703544256,0.0041965377,0.0041965377,0,0.0038221449842791204,0,0.383399209486166,97,0.22284720383248457
Terrorist Attacks,Terrorist Attacks,8,10.0,4.0,2.5766129032258065,8.96388888888889,0.0015737017,0.0015737017,0,0.0015178137755846826,0,0.8571428571428571,24,0.10708215305540143
Experiences in Life,Experiences in Life,3,3.0,4.0,2.625,0.0,6.9942296E-4,6.9942296E-4,1,7.210032979459102E-4,0,1.0,3,0.09638059147339537
Specific Terrorists,Specific Terrorists,10,15.0,4.0,2.5100806451612905,7.435356008197899,0.0019234131,0.0019234131,1,0.0017134860164716417,0,0.9333333333333333,42,0.15752499469772327
Misunderstandings,Misunderstandings,5,5.0,4.0,2.5201612903225805,0.0,0.0010491344,0.0010491344,1,0.0010054447295690136,0,1.0,10,0.1281636485062145
The Quran,The Quran,21,36.0,4.0,2.443548387096774,144.02996927524882,0.0038468263,0.0038468263,1,0.003546886448875277,0,0.4,84,0.23258975484814715
Islam and Terrorism in 2015,Islam and Terrorism in 2015,6,6.0,4.0,2.5161290322580645,0.0,0.0012239902,0.0012239902,1,0.0011573271707633961,0,1.0,15,0.13719088514974895
Government Leaders and Politicians,Government Leaders and Politicians,7,8.0,4.0,2.506048387096774,2.0106566074308008,0.0013988459,0.0013988459,1,0.0013114864517640456,0,0.9047619047619048,19,0.14475024899074213
Christians,Christians,14,17.0,4.0,2.433467741935484,18.35329116941569,0.0026228363,0.0026228363,1,0.0022191071034802943,0,0.7912087912087912,72,0.21586765429488555
Christianity,Christianity,48,77.0,4.0,2.2600806451612905,1094.0208074696764,0.008567931,0.008567931,1,0.007267804065754455,0,0.26063829787234044,294,0.42553215932717614
Blame,Blame,11,17.0,4.0,2.4375,13.069905520542608,0.0020982688,0.0020982688,1,0.001878604897232546,0,0.7818181818181819,43,0.17779462015930353
Michael Jackson,Michael Jackson,6,6.0,4.0,2.723790322580645,0.0,0.0012239902,0.0012239902,1,0.0013480663205712692,0,1.0,15,0.07302738290231449
Pop Music,Pop Music,6,6.0,4.0,2.723790322580645,0.0,0.0012239902,0.0012239902,1,0.0013480663205712692,0,1.0,15,0.07302738290231449
Musicians,Musicians,6,6.0,4.0,2.723790322580645,0.0,0.0012239902,0.0012239902,1,0.0013480663205712692,0,1.0,15,0.07302738290231449
Names and Naming,Names and Naming,6,6.0,4.0,2.723790322580645,0.0,0.0012239902,0.0012239902,1,0.0013480663205712692,0,1.0,15,0.07302738290231449
Music,Music,6,6.0,4.0,2.723790322580645,0.0,0.0012239902,0.0012239902,1,0.0013480663205712692,0,1.0,15,0.07302738290231449
Hypothetical Scenarios,Hypothetical Scenarios,28,38.0,3.0,2.252016129032258,4667.22921830923,0.0050708167,0.0050708167,0,0.004902687978184046,0,0.1984126984126984,75,0.17315237605549838
Peshawar School Assault (December 2014),Peshawar School Assault (December 2014),3,3.0,4.0,2.6048387096774195,0.0,6.9942296E-4,6.9942296E-4,1,7.249687496940487E-4,0,1.0,3,0.06815496420653767
Pakistan,Pakistan,32,52.0,4.0,2.4193548387096775,1033.979670661356,0.0057702395,0.0057702395,1,0.005317042855269554,0,0.2903225806451613,144,0.26196533217817003
Nazism,Nazism,9,9.0,4.0,2.5524193548387095,0.0,0.0017485574,0.0017485574,1,0.0015369872975342425,0,1.0,36,0.14048022943975175
Indian Muslims,Indian Muslims,11,13.0,4.0,2.5423387096774195,1.2152788388082505,0.0020982688,0.0020982688,1,0.001808192131138357,0,0.8909090909090909,49,0.16101375856427205
World War II,World War II,9,9.0,4.0,2.5524193548387095,0.0,0.0017485574,0.0017485574,1,0.0015369872975342425,0,1.0,36,0.14048022943975177
Women in Islam,Women in Islam,2,2.0,4.0,2.649193548387097,0.0,5.245672E-4,5.245672E-4,1,5.796859066890198E-4,0,1.0,1,0.0696340449537595
History of Islam,History of Islam,4,4.0,4.0,2.6713709677419355,0.0,8.742787E-4,8.742787E-4,6,9.394745020291416E-4,0,1.0,6,0.07529828943716078
Chinese Ethnicity and People,Chinese Ethnicity and People,6,9.0,4.0,2.6673387096774195,0.5,0.0012239902,0.0012239902,6,0.0012975049742888056,0,0.8666666666666667,13,0.08271171756883393
China,China,47,72.0,3.0,2.2076612903225805,8062.951732348914,0.008393075,0.008393075,6,0.009471882232212743,0,0.13691026827012026,148,0.2754432577495495
National Flag,National Flag,2,2.0,4.0,3.2036290322580645,0.0,5.245672E-4,5.245672E-4,6,6.610409690526705E-4,0,1.0,1,0.01491428774783991
Taiwan,Taiwan,24,38.0,4.0,2.471774193548387,1706.2616068070374,0.0043713935,0.0043713935,6,0.005297167429350067,0,0.18115942028985507,50,0.11385436598482897
Textbooks,Textbooks,4,4.0,4.0,3.1451612903225805,0.0,8.742787E-4,8.742787E-4,6,0.0010180059785288575,0,1.0,6,0.025376873538903163
Hong Kong,Hong Kong,4,4.0,4.0,3.1451612903225805,0.0,8.742787E-4,8.742787E-4,6,0.0010180059785288575,0,1.0,6,0.025376873538903163
Taiwanese Americans,Taiwanese Americans,5,5.0,4.0,3.1975806451612905,0.0,0.0010491344,0.0010491344,6,0.0013198241624798527,0,1.0,10,0.01857075287976346
Cross-Strait relations (China),Cross-Strait relations (China),7,11.0,4.0,3.1391129032258065,12.318150556601056,0.0013988459,0.0013988459,6,0.0017224410882890893,0,0.6666666666666666,14,0.02839098948746226
Communist Party of China,Communist Party of China,5,5.0,4.0,3.1975806451612905,0.0,0.0010491344,0.0010491344,6,0.0013198241624798527,0,1.0,10,0.01857075287976346
Communism,Communism,5,5.0,4.0,3.1975806451612905,0.0,0.0010491344,0.0010491344,6,0.0013198241624798527,0,1.0,10,0.01857075287976346
Psychotherapy,Psychotherapy,7,7.0,4.0,3.0705645161290325,1.1625,0.0013988459,0.0013988459,3,0.00136612711030717,0,0.9523809523809523,20,0.04115518050282832
Psychiatry,Psychiatry,20,29.0,4.0,2.836693548387097,248.1951862942262,0.0036719707,0.0036719707,3,0.0033655039747661486,0,0.5368421052631579,102,0.08910299458984494
Chinese Culture,Chinese Culture,15,19.0,4.0,2.5846774193548385,277.07640753438955,0.0027976918,0.0027976918,6,0.0027523476996211254,0,0.38095238095238093,40,0.12537434505102205
Mental Illness,Mental Illness,27,44.0,4.0,2.344758064516129,2366.6230303577877,0.004895961,0.004895961,3,0.004643773731234335,0,0.358974358974359,126,0.18772558218415147
Mental Health,Mental Health,20,31.0,4.0,2.836693548387097,248.1951862942262,0.0036719707,0.0036719707,3,0.0033655039747661486,0,0.5368421052631579,102,0.08910299458984494
Schizophrenia Treatment,Schizophrenia Treatment,9,10.0,4.0,3.088709677419355,33.11776418058506,0.0017485574,0.0017485574,3,0.0017126850022471944,0,0.8888888888888888,32,0.038927134740543066
Schizophrenia,Schizophrenia,36,52.0,4.0,2.3205645161290325,6253.84400480752,0.0064696623,0.0064696623,3,0.00648495906887259,0,0.23333333333333334,147,0.19741445884167486
Nationality,Nationality,3,3.0,4.0,3.2016129032258065,0.0,6.9942296E-4,6.9942296E-4,6,8.704707353724061E-4,0,1.0,3,0.016366542260719617
Liu Xiaobo,Liu Xiaobo,4,4.0,4.0,3.1955645161290325,0.0,8.742787E-4,8.742787E-4,6,0.0011269210493583491,0,1.0,6,0.01705839761953688
2010 Nobel Prizes,2010 Nobel Prizes,4,4.0,4.0,3.1955645161290325,0.0,8.742787E-4,8.742787E-4,6,0.0011269210493583491,0,1.0,6,0.01705839761953688
Human Rights,Human Rights,5,5.0,4.0,3.1754032258064515,23.512666921964303,0.0010491344,0.0010491344,6,0.001328971620668415,0,0.6,6,0.01938964286661387
Indigenous People,Indigenous People,2,2.0,4.0,3.2036290322580645,0.0,5.245672E-4,5.245672E-4,6,7.361856906662795E-4,0,1.0,1,0.011313667388910627
History of China,History of China,4,5.0,4.0,3.1995967741935485,1.0,8.742787E-4,8.742787E-4,6,0.001236179061555359,0,0.6666666666666666,4,0.016641225344350027
Chiang Kai-shek,Chiang Kai-shek,3,3.0,4.0,3.2016129032258065,0.0,6.9942296E-4,6.9942296E-4,6,9.240014683357628E-4,0,1.0,3,0.015919638844481537
Tolerance,Tolerance,3,3.0,4.0,2.625,0.0,6.9942296E-4,6.9942296E-4,1,7.210032979459102E-4,0,1.0,3,0.09638059147339537
Singapore,Singapore,3,3.0,4.0,3.096774193548387,0.0,6.9942296E-4,6.9942296E-4,6,8.037985287194439E-4,0,1.0,3,0.025220170984506022
Warfare,Warfare,34,38.0,4.0,2.3044354838709675,2697.086462462681,0.006119951,0.006119951,0,0.005460817872222776,0,0.2727272727272727,153,0.2179409804100646
Pinyin,Pinyin,3,3.0,4.0,3.2016129032258065,0.0,6.9942296E-4,6.9942296E-4,6,9.227087967507744E-4,0,1.0,3,0.015865676035394204
Chinese (language),Chinese (language),3,3.0,4.0,3.2016129032258065,0.0,6.9942296E-4,6.9942296E-4,6,9.227087967507744E-4,0,1.0,3,0.015865676035394204
Dispute Resolution,Dispute Resolution,2,2.0,4.0,2.8971774193548385,0.0,5.245672E-4,5.245672E-4,1,7.706112741678497E-4,0,1.0,1,0.028020665564477958
Organizations (corporate and non-profit),Organizations (corporate and non-profit),2,2.0,4.0,2.8971774193548385,0.0,5.245672E-4,5.245672E-4,1,7.706112741678497E-4,0,1.0,1,0.028020665564477958
China in 2015,China in 2015,5,5.0,4.0,2.6693548387096775,0.0,0.0010491344,0.0010491344,6,0.0010954491034537131,0,1.0,10,0.08000147069888948
Shi'a-Sunni Relations,Shi'a-Sunni Relations,9,9.0,4.0,2.6370967741935485,67.86969213025489,0.0017485574,0.0017485574,1,0.0016161093554414917,0,0.5833333333333334,21,0.08980819847727457
Relationship Advice,Relationship Advice,11,11.0,4.0,2.5745967741935485,177.47400798359857,0.0020982688,0.0020982688,3,0.0020512031301541016,0,0.6,33,0.08905580929410356
Interpersonal Interaction,Interpersonal Interaction,39,53.0,4.0,2.1713709677419355,4360.512301168068,0.0069942297,0.0069942297,3,0.006523401716831908,0,0.23616734143049933,175,0.268238125085334
Peace,Peace,14,20.0,4.0,2.4838709677419355,19.186343207616027,0.0026228363,0.0026228363,1,0.0022735468057254256,0,0.6923076923076923,63,0.19669421393632144
Indian Ethnicity and People,Indian Ethnicity and People,26,34.0,4.0,2.403225806451613,1146.8462237932881,0.004721105,0.004721105,2,0.004403889086837437,0,0.3446153846153846,112,0.2560588840083276
Politics of Islam,Politics of Islam,3,3.0,5.0,3.2681451612903225,0.0,6.9942296E-4,6.9942296E-4,1,7.047920754208653E-4,0,1.0,3,0.02820453279038728
Iran,Iran,20,24.0,4.0,2.4778225806451615,333.5153610782045,0.0036719707,0.0036719707,1,0.0032311030815333408,0,0.5157894736842106,98,0.19886405568614696
Friendship,Friendship,13,21.0,5.0,3.0705645161290325,342.48243208612416,0.0024479805,0.0024479805,3,0.00268701784075138,0,0.4230769230769231,33,0.04002138413356237
Religious Persecution,Religious Persecution,5,5.0,5.0,3.1431451612903225,0.0,0.0010491344,0.0010491344,1,0.001019893937524432,0,1.0,10,0.03374677828694676
Survival,Survival,10,10.0,4.0,2.875,275.1431720911101,0.0019234131,0.0019234131,1,0.0018251968025629352,0,0.4444444444444444,20,0.05049168499823618
Wealth,Wealth,4,4.0,4.0,2.6169354838709675,0.0,8.742787E-4,8.742787E-4,1,8.531028295153912E-4,0,1.0,6,0.10825961579379334
Allergies,Allergies,10,11.0,4.0,2.875,85.25027420314116,0.0019234131,0.0019234131,3,0.0019976353823480644,0,0.6666666666666666,30,0.04339333351182796
Making Friends,Making Friends,18,23.0,4.0,2.881048387096774,731.5358477925353,0.003322259,0.003322259,3,0.0033683409788183498,0,0.39869281045751637,61,0.06439996261225621
Cats (pets),Cats (pets),7,7.0,4.0,2.965725806451613,0.0,0.0013988459,0.0013988459,3,0.001404434898543114,0,1.0,21,0.03393378207936637
Pets,Pets,7,7.0,4.0,2.965725806451613,0.0,0.0013988459,0.0013988459,3,0.0014044348985431142,0,1.0,21,0.03393378207936637
Dogs (pets),Dogs (pets),10,11.0,4.0,2.875,85.25027420314116,0.0019234131,0.0019234131,3,0.0019976353823480644,0,0.6666666666666666,30,0.04339333351182796
Philosophy of Everyday Life,Philosophy of Everyday Life,15,15.0,4.0,2.497983870967742,641.1754884565975,0.0027976918,0.0027976918,7,0.0026435310899566252,0,0.41904761904761906,44,0.11672978891624788
Moharram,Moharram,12,12.0,4.0,2.5846774193548385,0.0,0.0022731246,0.0022731246,1,0.001961753043193902,0,1.0,66,0.1448996336326008
"Baku, Azerbaijan","Baku, Azerbaijan",12,12.0,4.0,2.5846774193548385,0.0,0.0022731246,0.0022731246,1,0.001961753043193902,0,1.0,66,0.1448996336326008
Lebanon,Lebanon,12,12.0,4.0,2.5846774193548385,0.0,0.0022731246,0.0022731246,1,0.001961753043193902,0,1.0,66,0.1448996336326008
Yemen,Yemen,12,12.0,4.0,2.5846774193548385,0.0,0.0022731246,0.0022731246,1,0.001961753043193902,0,1.0,66,0.1448996336326008
Afghanistan,Afghanistan,12,12.0,4.0,2.5846774193548385,0.0,0.0022731246,0.0022731246,1,0.001961753043193902,0,1.0,66,0.1448996336326008
Syria,Syria,12,12.0,4.0,2.5846774193548385,0.0,0.0022731246,0.0022731246,1,0.001961753043193902,0,1.0,66,0.1448996336326008
Iraq,Iraq,15,16.0,4.0,2.504032258064516,56.57143786926319,0.0027976918,0.0027976918,1,0.002417279424398127,0,0.7714285714285715,81,0.1818267498026026
Human Psychology,Human Psychology,5,5.0,4.0,2.9516129032258065,0.0,0.0010491344,0.0010491344,3,0.001063158188974788,0,1.0,10,0.032797649833260806
Nonverbal Communication and Body Language,Nonverbal Communication and Body Language,5,5.0,4.0,2.9516129032258065,0.0,0.0010491344,0.0010491344,3,0.001063158188974788,0,1.0,10,0.032797649833260806
Bad Neighbors,Bad Neighbors,6,6.0,4.0,2.941532258064516,0.0,0.0012239902,0.0012239902,3,0.0011919126471610095,0,1.0,15,0.042440111345934554
Social Advice,Social Advice,27,39.0,4.0,2.8044354838709675,1500.1617302055813,0.004895961,0.004895961,3,0.004795003605848147,0,0.3190883190883191,112,0.09996753373908222
Life Advice,Life Advice,17,18.0,4.0,2.596774193548387,436.3421127975659,0.0031474035,0.0031474035,3,0.0031384176370899985,0,0.39705882352941174,54,0.09580944750354538
Spitefulness,Spitefulness,4,4.0,5.0,3.1471774193548385,0.0,8.742787E-4,8.742787E-4,3,9.785819211227727E-4,0,1.0,6,0.01744588677383133
Jealousy and Envy,Jealousy and Envy,4,4.0,5.0,3.1471774193548385,0.0,8.742787E-4,8.742787E-4,3,9.785819211227727E-4,0,1.0,6,0.01744588677383133
Denominations and Organized Religion,Denominations and Organized Religion,17,22.0,4.0,2.5100806451612905,54.002728550634586,0.0031474035,0.0031474035,1,0.0027721200763189957,0,0.5294117647058824,72,0.18847530829178033
Thinking,Thinking,6,6.0,4.0,2.600806451612903,0.0,0.0012239902,0.0012239902,1,0.0011321304983231484,0,1.0,15,0.1037780007534138
Native English Speaker,Native English Speaker,4,4.0,5.0,3.784274193548387,0.0,8.742787E-4,8.742787E-4,3,0.0010000682825340192,0,1.0,6,0.010239360333960886
Online Friendship,Online Friendship,4,4.0,5.0,3.784274193548387,0.0,8.742787E-4,8.742787E-4,3,0.0010000682825340192,0,1.0,6,0.010239360333960886
Junior,Junior,6,6.0,5.0,3.693548387096774,0.0,0.0012239902,0.0012239902,3,0.0013352295149407644,0,1.0,15,0.013946459592069912
Relationships and Dating of Young People,Relationships and Dating of Young People,6,6.0,5.0,3.693548387096774,0.0,0.0012239902,0.0012239902,3,0.0013352295149407644,0,1.0,15,0.013946459592069912
Love,Love,6,6.0,5.0,3.693548387096774,0.0,0.0012239902,0.0012239902,3,0.0013352295149407646,0,1.0,15,0.013946459592069912
Dating and Relationships,Dating and Relationships,17,18.0,5.0,3.0120967741935485,465.4812281764855,0.0031474035,0.0031474035,3,0.003382681325119925,0,0.375,51,0.049352673866817784
Best Friends,Best Friends,3,3.0,5.0,3.161290322580645,0.0,6.9942296E-4,6.9942296E-4,3,7.665109944830252E-4,0,1.0,3,0.01879795573611689
Handedness,Handedness,2,2.0,4.0,2.661290322580645,0.0,5.245672E-4,5.245672E-4,3,6.254213391198213E-4,0,1.0,1,0.04273227134608193
Human Physiology,Human Physiology,5,5.0,4.0,2.8528225806451615,0.0,0.0010491344,0.0010491344,3,0.0010766759287968773,0,1.0,10,0.04169210347532899
Public Transportation,Public Transportation,3,3.0,5.0,3.316532258064516,0.0,6.9942296E-4,6.9942296E-4,3,9.874148943466012E-4,0,1.0,3,0.00963986073100742
Civil Engineering,Civil Engineering,3,3.0,5.0,3.316532258064516,0.0,6.9942296E-4,6.9942296E-4,3,9.874148943466012E-4,0,1.0,3,0.009639860731007418
Pet Allergies,Pet Allergies,4,4.0,5.0,3.3044354838709675,0.0,8.742787E-4,8.742787E-4,3,0.0010176711025872507,0,1.0,6,0.013079344612265878
Sign Languages (visual communication),Sign Languages (visual communication),4,4.0,5.0,3.6048387096774195,0.0,8.742787E-4,8.742787E-4,4,0.0012956764314870752,0,1.0,6,0.00479914576994373
Hearing Loss,Hearing Loss,4,4.0,5.0,3.6048387096774195,0.0,8.742787E-4,8.742787E-4,4,0.0012956764314870752,0,1.0,6,0.004799145769943729
"Ear, Nose and Throat (ENT Medical Specialty)","Ear, Nose and Throat (ENT Medical Specialty)",4,4.0,5.0,3.6048387096774195,0.0,8.742787E-4,8.742787E-4,4,0.0012956764314870752,0,1.0,6,0.004799145769943729
Linguistics,Linguistics,9,9.0,4.0,2.717741935483871,1148.7937812882292,0.0017485574,0.0017485574,4,0.0024193088921141254,0,0.4444444444444444,16,0.04586014073525979
Disabilities and Relationships,Disabilities and Relationships,7,7.0,5.0,3.0524193548387095,0.0,0.0013988459,0.0013988459,3,0.0014625503881395003,0,1.0,21,0.03310537508631885
Physical Disabilities,Physical Disabilities,7,7.0,5.0,3.0524193548387095,0.0,0.0013988459,0.0013988459,3,0.0014625503881395005,0,1.0,21,0.03310537508631885
Dating Advice,Dating Advice,7,7.0,5.0,3.0524193548387095,0.0,0.0013988459,0.0013988459,3,0.0014625503881395005,0,1.0,21,0.03310537508631885
Visual Impairment,Visual Impairment,5,5.0,5.0,3.288306451612903,0.0,0.0010491344,0.0010491344,4,0.0012919977050691149,0,1.0,10,0.013739063716900408
Romance (love),Romance (love),5,5.0,5.0,3.288306451612903,0.0,0.0010491344,0.0010491344,4,0.001291997705069115,0,1.0,10,0.013739063716900408
Living In India,Living In India,3,3.0,5.0,3.028225806451613,0.0,6.9942296E-4,6.9942296E-4,3,8.720295885638544E-4,0,1.0,3,0.023917715669817634
Roads,Roads,3,3.0,5.0,3.028225806451613,0.0,6.9942296E-4,6.9942296E-4,3,8.720295885638544E-4,0,1.0,3,0.023917715669817634
Mutes,Mutes,3,3.0,5.0,3.316532258064516,0.0,6.9942296E-4,6.9942296E-4,3,0.00112030901446754,0,1.0,3,0.009091420569148256
Muteness,Muteness,3,3.0,5.0,3.316532258064516,0.0,6.9942296E-4,6.9942296E-4,3,0.00112030901446754,0,1.0,3,0.009091420569148256
Whistling,Whistling,3,3.0,5.0,3.316532258064516,0.0,6.9942296E-4,6.9942296E-4,3,0.00112030901446754,0,1.0,3,0.009091420569148256
Quora,Quora,1,1.0,5.0,3.3205645161290325,0.0,3.4971148E-4,3.4971148E-4,3,4.8432179690038803E-4,0,0.0,0,0.007585166589553962
Clubbing,Clubbing,4,4.0,5.0,3.314516129032258,0.0,8.742787E-4,8.742787E-4,3,0.0012177297688302684,0,1.0,6,0.010548365842230326
Clubs,Clubs,4,4.0,5.0,3.314516129032258,0.0,8.742787E-4,8.742787E-4,3,0.0012177297688302684,0,1.0,6,0.010548365842230326
Nightlife,Nightlife,4,4.0,5.0,3.314516129032258,0.0,8.742787E-4,8.742787E-4,3,0.0012177297688302684,0,1.0,6,0.010548365842230328
TODAY,TODAY,6,6.0,4.0,2.5766129032258065,0.0,0.0012239902,0.0012239902,1,0.0011913169359726345,0,1.0,15,0.10504496000921044
Islam and Terrorism,Islam and Terrorism,10,13.0,4.0,2.506048387096774,7.847824191632236,0.0019234131,0.0019234131,1,0.0018207813131442278,0,0.7555555555555555,34,0.15261257204497236
Comparisons,Comparisons,6,6.0,4.0,2.5766129032258065,0.0,0.0012239902,0.0012239902,1,0.0011913169359726347,0,1.0,15,0.10504496000921044
Charlie Hebdo (newspaper),Charlie Hebdo (newspaper),7,7.0,4.0,2.5161290322580645,0.0,0.0013988459,0.0013988459,1,0.0013334568180819349,0,1.0,21,0.13535809514612274
Attack on French Magazine Charlie Hebdo (January 2015),Attack on French Magazine Charlie Hebdo (January 2015),9,12.0,4.0,2.5120967741935485,1.2,0.0017485574,0.0017485574,1,0.0016418369356632034,0,0.8333333333333334,30,0.14766754569888607
France,France,7,7.0,4.0,2.5161290322580645,0.0,0.0013988459,0.0013988459,1,0.0013334568180819349,0,1.0,21,0.13535809514612274
Islamofascism,Islamofascism,9,15.0,4.0,2.5120967741935485,17.766761016761013,0.0017485574,0.0017485574,1,0.001723171671905782,0,0.6944444444444444,25,0.1426934308545089
Sociology,Sociology,6,6.0,4.0,2.463709677419355,0.0,0.0012239902,0.0012239902,1,0.001145079329915417,0,1.0,15,0.13861508873096817
Biological Warfare,Biological Warfare,7,7.0,4.0,2.846774193548387,0.0,0.0013988459,0.0013988459,0,0.0013297659905873824,0,1.0,21,0.06107529177226423
Ebola In The U.S. (Fall 2014),Ebola In The U.S. (Fall 2014),7,7.0,4.0,2.846774193548387,0.0,0.0013988459,0.0013988459,0,0.0013297659905873824,0,1.0,21,0.06107529177226423
Terrorists,Terrorists,12,14.0,4.0,2.558467741935484,158.0306326133605,0.0022731246,0.0022731246,0,0.002179560724803627,0,0.5151515151515151,34,0.10545695041179586
Ebola (disease),Ebola (disease),7,7.0,4.0,2.846774193548387,0.0,0.0013988459,0.0013988459,0,0.0013297659905873824,0,1.0,21,0.06107529177226423
Israel,Israel,8,8.0,4.0,2.471774193548387,0.0,0.0015737017,0.0015737017,1,0.0014267601607976454,0,1.0,28,0.17235835131907531
Hinduism,Hinduism,61,90.0,4.0,2.256048387096774,8087.661166402918,0.010841056,0.010841056,2,0.011806989298197203,0,0.11748633879781421,215,0.34956681367098175
Islamophobia,Islamophobia,9,9.0,4.0,2.600806451612903,0.0,0.0017485574,0.0017485574,1,0.001569940402192042,0,1.0,36,0.13454549922857933
Counter-Terrorism and Counter-Insurgency,Counter-Terrorism and Counter-Insurgency,17,18.0,4.0,2.469758064516129,167.93735408113852,0.0031474035,0.0031474035,1,0.0027985192894101575,0,0.5294117647058824,72,0.1982411578615211
Jihad,Jihad,9,9.0,4.0,2.600806451612903,0.0,0.0017485574,0.0017485574,1,0.001569940402192042,0,1.0,36,0.13454549922857933
Genies,Genies,2,2.0,4.0,2.754032258064516,0.0,5.245672E-4,5.245672E-4,1,7.702020003694949E-4,0,1.0,1,0.03670391328313651
Dimensions (Physics),Dimensions (Physics),2,2.0,4.0,2.754032258064516,0.0,5.245672E-4,5.245672E-4,1,7.702020003694949E-4,0,1.0,1,0.03670391328313651
Demographics,Demographics,4,4.0,4.0,2.721774193548387,0.0,8.742787E-4,8.742787E-4,1,8.499968617758044E-4,0,1.0,6,0.0830919122388355
Dietary Laws,Dietary Laws,11,11.0,4.0,2.5544354838709675,0.0,0.0020982688,0.0020982688,1,0.0018087489735981574,0,1.0,55,0.16514895021008605
Islamic Law,Islamic Law,21,27.0,4.0,2.5201612903225805,44.91369993883438,0.0038468263,0.0038468263,1,0.0032317839687636793,0,0.5619047619047619,118,0.23289028138799608
Anthropology,Anthropology,11,11.0,4.0,2.5544354838709675,0.0,0.0020982688,0.0020982688,1,0.0018087489735981574,0,1.0,55,0.16514895021008608
The Human Race and Condition,The Human Race and Condition,25,30.0,4.0,2.3548387096774195,2456.220332474106,0.0045462493,0.0045462493,8,0.0042172164802058215,0,0.35333333333333333,106,0.21566518050065545
Terrorism in India,Terrorism in India,8,8.0,5.0,2.879032258064516,0.0,0.0015737017,0.0015737017,2,0.0015485677166560134,0,1.0,28,0.058711198646468926
Indian Army Fans,Indian Army Fans,8,8.0,5.0,2.879032258064516,0.0,0.0015737017,0.0015737017,2,0.0015485677166560134,0,1.0,28,0.05871119864646894
Indian Army,Indian Army,8,8.0,5.0,2.879032258064516,0.0,0.0015737017,0.0015737017,2,0.0015485677166560137,0,1.0,28,0.05871119864646894
Arvind Kejriwal,Arvind Kejriwal,8,8.0,5.0,2.879032258064516,0.0,0.0015737017,0.0015737017,2,0.0015485677166560137,0,1.0,28,0.05871119864646895
Aam Aadmi Party,Aam Aadmi Party,12,14.0,4.0,2.4858870967741935,164.57842408314386,0.0022731246,0.0022731246,2,0.002170661764880111,0,0.6818181818181818,45,0.14225736070578507
Bharatiya Janata Party (BJP),Bharatiya Janata Party (BJP),12,14.0,4.0,2.4858870967741935,164.57842408314386,0.0022731246,0.0022731246,2,0.002170661764880111,0,0.6818181818181818,45,0.14225736070578507
Narendra Modi,Narendra Modi,8,8.0,5.0,2.879032258064516,0.0,0.0015737017,0.0015737017,2,0.0015485677166560134,0,1.0,28,0.05871119864646892
Muslim Countries,Muslim Countries,4,4.0,4.0,2.622983870967742,0.0,8.742787E-4,8.742787E-4,1,9.154806307267735E-4,0,1.0,6,0.09995709821045166
Country Comparisons,Country Comparisons,4,4.0,4.0,2.622983870967742,0.0,8.742787E-4,8.742787E-4,1,9.154806307267735E-4,0,1.0,6,0.09995709821045166
MNLA,MNLA,4,4.0,5.0,2.969758064516129,0.0,8.742787E-4,8.742787E-4,1,9.219752630078465E-4,0,1.0,6,0.04039772341917857
Qatar,Qatar,9,10.0,5.0,2.846774193548387,490.1045490599067,0.0017485574,0.0017485574,3,0.001995301924244324,0,0.3055555555555556,11,0.05933043014714468
U.S. Army,U.S. Army,9,9.0,5.0,2.877016129032258,0.0,0.0017485574,0.0017485574,0,0.0015616318868558862,0,1.0,36,0.08452447671070139
U.S. Foreign Policy,U.S. Foreign Policy,9,9.0,5.0,2.877016129032258,0.0,0.0017485574,0.0017485574,0,0.0015616318868558862,0,1.0,36,0.08452447671070139
Foreign Policy,Foreign Policy,12,14.0,4.0,2.4919354838709675,190.67430736499068,0.0022731246,0.0022731246,1,0.0020141447423909133,0,0.7727272727272727,51,0.1557881722796328
Military,Military,9,9.0,5.0,2.877016129032258,0.0,0.0017485574,0.0017485574,0,0.0015616318868558862,0,1.0,36,0.08452447671070136
U.S. Politics,U.S. Politics,20,20.0,5.0,2.844758064516129,3908.50216116891,0.0036719707,0.0036719707,2,0.0032642551204555203,0,0.4789473684210526,91,0.09943719316000536
Children's Rights,Children's Rights,6,6.0,5.0,2.9536290322580645,0.0,0.0012239902,0.0012239902,0,0.001213607817087333,0,1.0,15,0.053842393474881844
Malala Yousafzai,Malala Yousafzai,6,6.0,5.0,2.9536290322580645,0.0,0.0012239902,0.0012239902,0,0.0012136078170873331,0,1.0,15,0.053842393474881844
Taliban,Taliban,12,13.0,4.0,2.586693548387097,56.59747498730197,0.0022731246,0.0022731246,0,0.002172765217438293,0,0.5909090909090909,39,0.10845978964287721
Women's Rights,Women's Rights,6,6.0,5.0,2.9536290322580645,0.0,0.0012239902,0.0012239902,0,0.001213607817087333,0,1.0,15,0.053842393474881844
Monarchies,Monarchies,2,2.0,6.0,3.842741935483871,0.0,5.245672E-4,5.245672E-4,3,7.234242999936286E-4,0,1.0,1,0.00350735653620453
Middle East,Middle East,4,5.0,5.0,3.1451612903225805,109.41398741058374,8.742787E-4,8.742787E-4,3,0.0010969181106579556,0,0.6666666666666666,4,0.01989174077008924
Military Strategy,Military Strategy,2,2.0,5.0,2.995967741935484,0.0,5.245672E-4,5.245672E-4,1,5.946519524836161E-4,0,1.0,1,0.030257929570764286
Hamas,Hamas,4,4.0,4.0,2.6391129032258065,0.0,8.742787E-4,8.742787E-4,0,8.879075322786006E-4,0,1.0,6,0.06696031982576624
Al-Qaeda,Al-Qaeda,11,13.0,4.0,2.530241935483871,29.588825211309718,0.0020982688,0.0020982688,0,0.00199553275040973,0,0.6181818181818182,34,0.13290106946618419
Guerilla Warfare,Guerilla Warfare,6,6.0,4.0,2.844758064516129,0.0,0.0012239902,0.0012239902,0,0.0011625248633798655,0,1.0,15,0.05633743999742428
Hypothetical Wars,Hypothetical Wars,6,6.0,4.0,2.844758064516129,0.0,0.0012239902,0.0012239902,0,0.0011625248633798655,0,1.0,15,0.05633743999742428
"Goa, India","Goa, India",2,2.0,4.0,2.901209677419355,0.0,5.245672E-4,5.245672E-4,8,6.270386449935939E-4,0,1.0,1,0.026009464388264833
Visiting and Travel,Visiting and Travel,6,7.0,4.0,2.7056451612903225,258.2087790301166,0.0012239902,0.0012239902,8,0.001301266989546357,0,0.4666666666666667,7,0.05373325303962198
Democracy,Democracy,4,4.0,5.0,2.905241935483871,0.0,8.742787E-4,8.742787E-4,1,8.71164964912575E-4,0,1.0,6,0.053892862544760146
Mujahideen,Mujahideen,7,7.0,4.0,2.600806451612903,0.0,0.0013988459,0.0013988459,0,0.001371258341385184,0,1.0,21,0.08116823301640223
Security,Security,7,7.0,4.0,2.600806451612903,0.0,0.0013988459,0.0013988459,0,0.001371258341385184,0,1.0,21,0.08116823301640223
Muslim Extremist,Muslim Extremist,6,6.0,4.0,2.5181451612903225,0.0,0.0012239902,0.0012239902,1,0.0011634426897786086,0,1.0,15,0.13283819413518688
Victimization,Victimization,5,5.0,4.0,2.5201612903225805,0.0,0.0010491344,0.0010491344,1,0.001002784373583855,0,1.0,10,0.12732716218764215
Muhammad (Islam),Muhammad (Islam),19,25.0,4.0,2.4919354838709675,86.32908987225272,0.0034971149,0.0034971149,1,0.0031506355832799475,0,0.49122807017543857,84,0.20795717569122646
Humanitarianism,Humanitarianism,5,5.0,5.0,2.9556451612903225,0.0,0.0010491344,0.0010491344,1,0.0011910705543131009,0,1.0,10,0.03804512068290997
Budgets (corporate and government),Budgets (corporate and government),5,5.0,5.0,2.9556451612903225,0.0,0.0010491344,0.0010491344,1,0.0011910705543131009,0,1.0,10,0.03804512068290997
Money,Money,5,5.0,5.0,2.9556451612903225,0.0,0.0010491344,0.0010491344,1,0.0011910705543131009,0,1.0,10,0.03804512068290997
Investing,Investing,5,5.0,5.0,2.9556451612903225,0.0,0.0010491344,0.0010491344,1,0.0011910705543131009,0,1.0,10,0.03804512068290997
Technology,Technology,14,14.0,4.0,2.7278225806451615,1408.1718737750364,0.0026228363,0.0026228363,8,0.002492747097922445,0,0.6373626373626373,58,0.05740055910002355
Career Advice,Career Advice,3,3.0,4.0,2.8931451612903225,0.0,6.9942296E-4,6.9942296E-4,0,7.483280067107196E-4,0,1.0,3,0.03039422113198199
Boko Haram,Boko Haram,5,5.0,4.0,2.5806451612903225,0.0,0.0010491344,0.0010491344,3,0.0010911615146518164,0,1.0,10,0.07515835949664859
Current Events,Current Events,5,5.0,4.0,2.5806451612903225,0.0,0.0010491344,0.0010491344,3,0.0010911615146518164,0,1.0,10,0.07515835949664859
Government of India,Government of India,21,26.0,4.0,2.4375,3293.3823510523193,0.0038468263,0.0038468263,2,0.004193647816580077,0,0.26666666666666666,56,0.14582155377433972
Naxalism,Naxalism,1,1.0,5.0,3.5483870967741935,0.0,3.4971148E-4,3.4971148E-4,2,4.8491218565970614E-4,0,0.0,0,0.003961317383949633
Politics of India,Politics of India,10,10.0,4.0,2.5504032258064515,541.9462143219731,0.0019234131,0.0019234131,2,0.0021547174390524624,0,0.5555555555555556,25,0.107376257444075
Model Indian Governance,Model Indian Governance,1,1.0,5.0,3.435483870967742,0.0,3.4971148E-4,3.4971148E-4,2,4.715741935013948E-4,0,0.0,0,0.005482065588178982
Intelligence Bureau,Intelligence Bureau,3,3.0,5.0,2.935483870967742,0.0,6.9942296E-4,6.9942296E-4,2,7.955947216682935E-4,0,1.0,3,0.033175289538096044
Air Force,Air Force,4,4.0,5.0,3.288306451612903,0.0,8.742787E-4,8.742787E-4,2,0.001035016980949557,0,1.0,6,0.018833824354238762
Media,Media,4,4.0,5.0,3.288306451612903,0.0,8.742787E-4,8.742787E-4,2,0.001035016980949557,0,1.0,6,0.018833824354238762
Indian Air Force (IAF),Indian Air Force (IAF),4,4.0,5.0,3.288306451612903,0.0,8.742787E-4,8.742787E-4,2,0.001035016980949557,0,1.0,6,0.018833824354238762
U.S. Federal Government,U.S. Federal Government,3,3.0,4.0,3.0625,0.0,6.9942296E-4,6.9942296E-4,2,7.698624461166191E-4,0,1.0,3,0.02000570398001714
Motorsports,Motorsports,4,4.0,5.0,3.0705645161290325,0.0,8.742787E-4,8.742787E-4,2,8.977631578233604E-4,0,1.0,6,0.040463770756836506
Federal Bureau of Investigation,Federal Bureau of Investigation,3,3.0,5.0,2.993951612903226,0.0,6.9942296E-4,6.9942296E-4,1,7.148710150712385E-4,0,1.0,3,0.043089156222091037
State-supported Terrorism,State-supported Terrorism,4,4.0,5.0,2.963709677419355,0.0,8.742787E-4,8.742787E-4,1,8.491174250421042E-4,0,1.0,6,0.04953521068937204
Net Neutrality in India (April 2015),Net Neutrality in India (April 2015),5,5.0,5.0,3.405241935483871,0.0,0.0010491344,0.0010491344,2,0.0012910409482143194,0,1.0,10,0.00975849648446168
Internet in India,Internet in India,5,5.0,5.0,3.405241935483871,0.0,0.0010491344,0.0010491344,2,0.0012910409482143194,0,1.0,10,0.00975849648446168
Internet Law,Internet Law,16,16.0,5.0,3.3629032258064515,290.66025114820167,0.0029725477,0.0029725477,2,0.003022082493442354,0,0.5416666666666666,65,0.026908743851983354
Net Neutrality,Net Neutrality,5,5.0,5.0,3.405241935483871,0.0,0.0010491344,0.0010491344,2,0.0012910409482143194,0,1.0,10,0.00975849648446168
The Internet,The Internet,5,5.0,5.0,3.405241935483871,0.0,0.0010491344,0.0010491344,2,0.0012910409482143192,0,1.0,10,0.00975849648446168
Terror,Terror,4,4.0,4.0,2.6068548387096775,0.0,8.742787E-4,8.742787E-4,1,9.478284717025858E-4,0,1.0,6,0.06642966994536029
Philosophy of Religion,Philosophy of Religion,4,4.0,4.0,2.6068548387096775,0.0,8.742787E-4,8.742787E-4,1,9.478284717025858E-4,0,1.0,6,0.06642966994536029
Indian National Congress,Indian National Congress,6,6.0,4.0,2.588709677419355,0.0,0.0012239902,0.0012239902,2,0.001192200403425365,0,1.0,15,0.1077924410492489
Islamic Sects,Islamic Sects,3,3.0,4.0,2.7298387096774195,0.0,6.9942296E-4,6.9942296E-4,1,8.151268752555494E-4,0,1.0,3,0.06433060150515062
Motivation,Motivation,3,3.0,4.0,2.7298387096774195,0.0,6.9942296E-4,6.9942296E-4,1,8.151268752555494E-4,0,1.0,3,0.06433060150515062
Reformation Theology,Reformation Theology,5,5.0,4.0,2.5201612903225805,0.0,0.0010491344,0.0010491344,1,9.942291576490363E-4,0,1.0,10,0.13255576236316888
Globalization,Globalization,3,3.0,4.0,2.6088709677419355,0.0,6.9942296E-4,6.9942296E-4,1,8.145396490688839E-4,0,1.0,3,0.06123189963315557
Problems and Problem Solving,Problems and Problem Solving,3,3.0,4.0,2.6088709677419355,0.0,6.9942296E-4,6.9942296E-4,1,8.14539649068884E-4,0,1.0,3,0.061231899633155576
Abrahamic Religions,Abrahamic Religions,5,5.0,4.0,2.7399193548387095,0.0,0.0010491344,0.0010491344,4,0.0013735608693418065,0,1.0,10,0.042719934538560295
Arab Ethnicity and People,Arab Ethnicity and People,5,5.0,4.0,2.7399193548387095,0.0,0.0010491344,0.0010491344,4,0.0013735608693418065,0,1.0,10,0.042719934538560295
Arabic (language),Arabic (language),5,5.0,4.0,2.7399193548387095,0.0,0.0010491344,0.0010491344,4,0.0013735608693418065,0,1.0,10,0.042719934538560295
Language,Language,5,5.0,4.0,2.7399193548387095,0.0,0.0010491344,0.0010491344,4,0.0013735608693418065,0,1.0,10,0.042719934538560295
Moving,Moving,5,5.0,4.0,2.8306451612903225,0.0,0.0010491344,0.0010491344,3,0.0011538103317714449,0,1.0,10,0.03909785969629365
All ages,All ages,5,5.0,4.0,2.8306451612903225,0.0,0.0010491344,0.0010491344,3,0.0011538103317714449,0,1.0,10,0.03909785969629365
Advice,Advice,5,5.0,4.0,2.8306451612903225,0.0,0.0010491344,0.0010491344,3,0.0011538103317714449,0,1.0,10,0.03909785969629365
Family,Family,14,15.0,4.0,2.5120967741935485,394.02539172113865,0.0026228363,0.0026228363,3,0.0026583702042030297,0,0.4065934065934066,37,0.13783436964748724
Yakub Memon,Yakub Memon,2,2.0,5.0,2.9254032258064515,0.0,5.245672E-4,5.245672E-4,2,5.900566685501103E-4,0,1.0,1,0.03239950445346122
What Are the Strengths of X?,What Are the Strengths of X?,11,11.0,4.0,2.6088709677419355,0.0,0.0020982688,0.0020982688,1,0.001811756206507575,0,1.0,55,0.16013986561691676
Comparative Religion,Comparative Religion,11,11.0,4.0,2.6088709677419355,0.0,0.0020982688,0.0020982688,1,0.001811756206507575,0,1.0,55,0.16013986561691676
Sufi Islam,Sufi Islam,11,11.0,4.0,2.6088709677419355,0.0,0.0020982688,0.0020982688,1,0.001811756206507575,0,1.0,55,0.16013986561691676
Jesus,Jesus,11,11.0,4.0,2.6088709677419355,0.0,0.0020982688,0.0020982688,1,0.001811756206507575,0,1.0,55,0.16013986561691676
God,God,25,30.0,4.0,2.4475806451612905,255.60598942360207,0.0045462493,0.0045462493,1,0.0040255733695406856,0,0.43,129,0.24134526827855135
"American Culture, Habits, and Behavior","American Culture, Habits, and Behavior",4,4.0,4.0,3.163306451612903,0.0,8.742787E-4,8.742787E-4,6,9.783299276230112E-4,0,1.0,6,0.02408760130185384
Culture (social science),Culture (social science),4,4.0,4.0,3.163306451612903,0.0,8.742787E-4,8.742787E-4,6,9.783299276230112E-4,0,1.0,6,0.02408760130185384
Japan,Japan,1,1.0,4.0,3.2056451612903225,0.0,3.4971148E-4,3.4971148E-4,6,4.7322519138318715E-4,0,0.0,0,0.010308316292268995
International Economics,International Economics,4,4.0,4.0,3.026209677419355,0.0,8.742787E-4,8.742787E-4,6,9.677359150013011E-4,0,1.0,6,0.028253875775225187
The World,The World,15,16.0,4.0,2.399193548387097,272.1579294478692,0.0027976918,0.0027976918,1,0.0025885781853715283,0,0.5238095238095238,55,0.18946458958292506
Electronics,Electronics,4,4.0,4.0,3.026209677419355,0.0,8.742787E-4,8.742787E-4,6,9.677359150013011E-4,0,1.0,6,0.028253875775225187
Descendents,Descendents,6,6.0,4.0,2.6411290322580645,0.0,0.0012239902,0.0012239902,1,0.001252605984310542,0,1.0,15,0.08644191748195082
Family Tree,Family Tree,6,6.0,4.0,2.6411290322580645,0.0,0.0012239902,0.0012239902,1,0.001252605984310542,0,1.0,15,0.08644191748195082
Prophets,Prophets,6,6.0,4.0,2.6411290322580645,0.0,0.0012239902,0.0012239902,1,0.001252605984310542,0,1.0,15,0.08644191748195082
Genealogy,Genealogy,6,6.0,4.0,2.6411290322580645,0.0,0.0012239902,0.0012239902,1,0.001252605984310542,0,1.0,15,0.08644191748195082
Polygamy,Polygamy,6,6.0,4.0,2.6068548387096775,5.560207336523123,0.0012239902,0.0012239902,1,0.0012122519372975624,0,0.7333333333333333,11,0.09855074773766995
World History,World History,8,8.0,4.0,2.5201612903225805,0.0,0.0015737017,0.0015737017,1,0.0014302848045548132,0,1.0,28,0.135247429124198
American Ethnicity and People,American Ethnicity and People,5,5.0,4.0,2.5403225806451615,0.0,0.0010491344,0.0010491344,1,9.994099639745095E-4,0,1.0,10,0.11091224831581045
Unidentified Flying Objects,Unidentified Flying Objects,7,10.0,4.0,2.4233870967741935,19.508052387930377,0.0013988459,0.0013988459,0,0.0013444653293873635,0,0.9523809523809523,20,0.13331842860512577
Extraterrestrial Intelligence,Extraterrestrial Intelligence,16,27.0,4.0,2.375,1275.0718947498588,0.0029725477,0.0029725477,0,0.0030197969409072488,0,0.35833333333333334,43,0.15631693354831097
Extraterrestrial Life,Extraterrestrial Life,36,63.0,4.0,2.308467741935484,4898.998035993932,0.0064696623,0.0064696623,0,0.0066725373104560325,0,0.21428571428571427,135,0.20942828133918667
Outer Space,Outer Space,55,118.0,4.0,2.219758064516129,11558.482472074418,0.009791922,0.009791922,8,0.009119638034441454,0,0.1750841750841751,260,0.25630183512148097
Draupadi,Draupadi,2,2.0,5.0,3.252016129032258,0.0,5.245672E-4,5.245672E-4,2,8.11399201537583E-4,0,1.0,1,0.013607292678575864
Mahabharata (Hindu epic),Mahabharata (Hindu epic),2,2.0,5.0,3.252016129032258,0.0,5.245672E-4,5.245672E-4,2,8.11399201537583E-4,0,1.0,1,0.013607292678575864
Swami Vivekananda,Swami Vivekananda,7,7.0,4.0,2.661290322580645,0.0,0.0013988459,0.0013988459,2,0.0013542462587290442,0,1.0,21,0.08235826837434362
Stories,Stories,12,15.0,4.0,2.651209677419355,7.624089635854342,0.0022731246,0.0022731246,2,0.002147421663434283,0,0.7121212121212122,47,0.10277584361574782
Philosophy,Philosophy,14,14.0,4.0,2.6431451612903225,231.7594353686327,0.0026228363,0.0026228363,7,0.002473396551268777,0,0.5164835164835165,47,0.10678871343576825
Books,Books,7,7.0,4.0,2.661290322580645,0.0,0.0013988459,0.0013988459,2,0.0013542462587290444,0,1.0,21,0.08235826837434362
Arguments and Argumentation,Arguments and Argumentation,3,3.0,5.0,3.0806451612903225,0.0,6.9942296E-4,6.9942296E-4,2,8.468906299270409E-4,0,1.0,3,0.02924448656446134
How-to Question,How-to Question,3,3.0,5.0,3.0806451612903225,0.0,6.9942296E-4,6.9942296E-4,2,8.468906299270409E-4,0,1.0,3,0.02924448656446134
Kumbh Mela,Kumbh Mela,4,4.0,5.0,3.247983870967742,0.0,8.742787E-4,8.742787E-4,2,0.0011452778859509798,0,1.0,6,0.01745040652553516
Hindu Philosophy,Hindu Philosophy,8,9.0,4.0,2.6774193548387095,206.11038285606588,0.0015737017,0.0015737017,2,0.0018039136951097546,0,0.5714285714285714,16,0.06542578130847805
Hindus,Hindus,4,4.0,5.0,3.247983870967742,0.0,8.742787E-4,8.742787E-4,2,0.0011452778859509798,0,1.0,6,0.01745040652553516
Mind-Blowing Facts,Mind-Blowing Facts,4,4.0,5.0,3.247983870967742,0.0,8.742787E-4,8.742787E-4,2,0.0011452778859509798,0,1.0,6,0.01745040652553516
Rashtriya Swayamsevak Sangh (RSS),Rashtriya Swayamsevak Sangh (RSS),5,5.0,4.0,2.6754032258064515,0.0,0.0010491344,0.0010491344,2,0.0010558405797015402,0,1.0,10,0.07449254296980946
Abraham (biblical figure),Abraham (biblical figure),8,8.0,4.0,2.620967741935484,0.0,0.0015737017,0.0015737017,1,0.001472758341821871,0,1.0,28,0.09733601806370834
The Old Testament,The Old Testament,8,8.0,4.0,2.620967741935484,0.0,0.0015737017,0.0015737017,1,0.001472758341821871,0,1.0,28,0.09733601806370834
Vedic Hinduism,Vedic Hinduism,8,8.0,4.0,2.620967741935484,0.0,0.0015737017,0.0015737017,1,0.001472758341821871,0,1.0,28,0.09733601806370834
Cannabis,Cannabis,1,1.0,5.0,3.254032258064516,0.0,3.4971148E-4,3.4971148E-4,2,4.66397639882984E-4,0,0.0,0,0.012765598317196238
Superstitions,Superstitions,4,4.0,5.0,3.247983870967742,0.0,8.742787E-4,8.742787E-4,2,0.0012912081311850755,0,1.0,6,0.01567800043982683
Epics and legendarium of India,Epics and legendarium of India,4,4.0,5.0,3.247983870967742,0.0,8.742787E-4,8.742787E-4,2,0.0012912081311850755,0,1.0,6,0.01567800043982683
Menstruation,Menstruation,4,4.0,5.0,3.247983870967742,0.0,8.742787E-4,8.742787E-4,2,0.0012912081311850755,0,1.0,6,0.01567800043982683
Indian Women,Indian Women,4,4.0,5.0,3.247983870967742,0.0,8.742787E-4,8.742787E-4,2,0.0012912081311850755,0,1.0,6,0.01567800043982683
Vedas,Vedas,2,2.0,4.0,2.7318548387096775,0.0,5.245672E-4,5.245672E-4,2,6.031731497723168E-4,0,1.0,1,0.047252538514427775
Debt,Debt,2,2.0,4.0,2.7318548387096775,0.0,5.245672E-4,5.245672E-4,2,6.031731497723168E-4,0,1.0,1,0.047252538514427775
Meat,Meat,3,3.0,5.0,3.163306451612903,0.0,6.9942296E-4,6.9942296E-4,2,7.480592837423826E-4,0,1.0,3,0.02898115920693014
Religion and Warfare,Religion and Warfare,5,5.0,4.0,2.683467741935484,0.0,0.0010491344,0.0010491344,2,0.0010811818170180323,0,1.0,10,0.06253904549974115
What Does Hinduism Say About the X?,What Does Hinduism Say About the X?,4,4.0,4.0,2.721774193548387,0.0,8.742787E-4,8.742787E-4,2,8.770441607067129E-4,0,1.0,6,0.0675575118055872
The Bible,The Bible,15,21.0,4.0,2.538306451612903,81.03095428968211,0.0027976918,0.0027976918,2,0.0025638917812332643,0,0.5428571428571428,57,0.16180628435446187
Time Travel,Time Travel,4,4.0,5.0,3.131048387096774,0.0,8.742787E-4,8.742787E-4,2,0.0010993475168450556,0,1.0,6,0.017539871294592915
Ancient History,Ancient History,4,4.0,5.0,3.131048387096774,0.0,8.742787E-4,8.742787E-4,2,0.0010993475168450556,0,1.0,6,0.017539871294592915
Time (physics),Time (physics),4,4.0,5.0,3.131048387096774,0.0,8.742787E-4,8.742787E-4,2,0.0010993475168450556,0,1.0,6,0.017539871294592915
Physics of Everyday Life,Physics of Everyday Life,15,19.0,4.0,2.870967741935484,867.318180741802,0.0027976918,0.0027976918,8,0.0029177816592756197,0,0.4380952380952381,46,0.055718563668370316
Creationism,Creationism,8,8.0,4.0,2.6713709677419355,0.0,0.0015737017,0.0015737017,2,0.001515599313830935,0,1.0,28,0.08421805625812341
History of Religion,History of Religion,8,8.0,4.0,2.6713709677419355,0.0,0.0015737017,0.0015737017,2,0.001515599313830935,0,1.0,28,0.08421805625812341
Storytelling,Storytelling,8,8.0,4.0,2.6713709677419355,0.0,0.0015737017,0.0015737017,2,0.001515599313830935,0,1.0,28,0.08421805625812341
Hindu Mythology,Hindu Mythology,8,8.0,4.0,2.6713709677419355,0.0,0.0015737017,0.0015737017,2,0.001515599313830935,0,1.0,28,0.08421805625812341
Homosexuality,Homosexuality,25,40.0,4.0,2.471774193548387,1608.8433379580545,0.0045462493,0.0045462493,7,0.0045255591366724105,0,0.30333333333333334,91,0.19635892356094387
LGBTQI,LGBTQI,19,30.0,4.0,2.528225806451613,426.214039755073,0.0034971149,0.0034971149,7,0.003207436999977523,0,0.4444444444444444,76,0.1724260213544975
Babylon,Babylon,3,3.0,4.0,2.6471774193548385,0.0,6.9942296E-4,6.9942296E-4,1,7.232081412246768E-4,0,1.0,3,0.0776851954206111
Sin,Sin,8,10.0,4.0,2.5705645161290325,8.556422023557573,0.0015737017,0.0015737017,7,0.0014635360874793012,0,0.9285714285714286,26,0.11601965154601046
Buddhism,Buddhism,9,9.0,4.0,2.590725806451613,9.933203805997923,0.0017485574,0.0017485574,2,0.0016114906568540832,0,0.8333333333333334,30,0.12887871318459254
Atheism,Atheism,10,11.0,4.0,2.5705645161290325,28.307212007119123,0.0019234131,0.0019234131,2,0.0017955662783668666,0,0.7555555555555555,34,0.13495564895765297
Rebirth,Rebirth,3,3.0,4.0,2.6471774193548385,0.0,6.9942296E-4,6.9942296E-4,1,7.232081412246768E-4,0,1.0,3,0.0776851954206111
Homosexuality and Religion,Homosexuality and Religion,12,17.0,4.0,2.7358870967741935,94.77876722425191,0.0022731246,0.0022731246,7,0.0021506244183426247,0,0.6212121212121212,41,0.08614862261479121
Aristotle,Aristotle,7,7.0,5.0,3.276209677419355,0.0,0.0013988459,0.0013988459,7,0.001388280990909463,0,1.0,21,0.028033516454465758
Plato,Plato,7,7.0,5.0,3.276209677419355,0.0,0.0013988459,0.0013988459,7,0.0013882809909094632,0,1.0,21,0.028033516454465758
Homophobia,Homophobia,7,7.0,5.0,3.276209677419355,0.0,0.0013988459,0.0013988459,7,0.001388280990909463,0,1.0,21,0.028033516454465758
Mormons and Gay People,Mormons and Gay People,6,6.0,4.0,2.747983870967742,0.0,0.0012239902,0.0012239902,7,0.0011844616351281353,0,1.0,15,0.06834654171781596
The Church of Jesus Christ of Latter-day Saints (the Mormons),The Church of Jesus Christ of Latter-day Saints (the Mormons),6,6.0,4.0,2.747983870967742,0.0,0.0012239902,0.0012239902,7,0.0011844616351281353,0,1.0,15,0.06834654171781596
Racial and Ethnic Groups,Racial and Ethnic Groups,5,5.0,4.0,2.6774193548387095,0.0,0.0010491344,0.0010491344,7,0.0010662183989376675,0,1.0,10,0.06269878360126131
Ethnic and Cultural Differences,Ethnic and Cultural Differences,5,5.0,4.0,2.6774193548387095,0.0,0.0010491344,0.0010491344,7,0.0010662183989376675,0,1.0,10,0.06269878360126131
Parenting,Parenting,7,7.0,4.0,2.6108870967741935,0.0,0.0013988459,0.0013988459,1,0.0013457748590147962,0,1.0,21,0.11919944935564034
Same-Sex Marriage,Same-Sex Marriage,7,7.0,4.0,2.657258064516129,0.0,0.0013988459,0.0013988459,7,0.0013179058839084138,0,1.0,21,0.08197261961726886
Hate,Hate,7,7.0,4.0,2.657258064516129,0.0,0.0013988459,0.0013988459,7,0.0013179058839084136,0,1.0,21,0.08197261961726886
Bill Nye The Science Guy,Bill Nye The Science Guy,2,2.0,5.0,3.467741935483871,0.0,5.245672E-4,5.245672E-4,7,7.923686328223068E-4,0,1.0,1,0.00775948592083049
Bill Nye,Bill Nye,2,2.0,5.0,3.467741935483871,0.0,5.245672E-4,5.245672E-4,7,7.923686328223068E-4,0,1.0,1,0.00775948592083049
Space Aliens,Space Aliens,6,8.0,4.0,3.088709677419355,20.54942093125734,0.0012239902,0.0012239902,0,0.0013652835264888203,0,0.7333333333333333,11,0.024888749866663406
Hypothetical Battles,Hypothetical Battles,11,16.0,4.0,2.848790322580645,77.9813553753179,0.0020982688,0.0020982688,0,0.0020428178143038567,0,0.4909090909090909,27,0.05220650474809551
Zombie Apocalypse Strategy,Zombie Apocalypse Strategy,5,5.0,4.0,3.0463709677419355,0.0,0.0010491344,0.0010491344,0,0.0010612540828262586,0,1.0,10,0.02348275613012035
Zombie Apocalypse,Zombie Apocalypse,17,17.0,4.0,2.8669354838709675,121.78864715005942,0.0031474035,0.0031474035,0,0.0028191743803442732,0,0.6176470588235294,84,0.0714662949026955
Zombies,Zombies,5,5.0,4.0,3.0463709677419355,0.0,0.0010491344,0.0010491344,0,0.0010612540828262586,0,1.0,10,0.02348275613012035
Joke Questions,Joke Questions,3,3.0,4.0,2.685483870967742,0.0,6.9942296E-4,6.9942296E-4,1,7.329294964280729E-4,0,1.0,3,0.050999549640626876
World Peace,World Peace,2,2.0,4.0,3.096774193548387,0.0,5.245672E-4,5.245672E-4,0,6.081646110247739E-4,0,1.0,1,0.014804775632507365
Alien Invasion,Alien Invasion,3,4.0,4.0,3.094758064516129,0.0,6.9942296E-4,6.9942296E-4,0,7.685826992053634E-4,0,1.0,3,0.02059349736987626
Alien Swarm,Alien Swarm,12,12.0,4.0,2.963709677419355,0.0,0.0022731246,0.0022731246,0,0.0020182708707645594,0,1.0,66,0.05071952126833737
Aliens (1986 movie),Aliens (1986 movie),13,14.0,4.0,2.961693548387097,18.06337958867667,0.0024479805,0.0024479805,0,0.00219160384196631,0,0.8717948717948718,68,0.05201069913794629
Ancient Alien Theory,Ancient Alien Theory,12,12.0,4.0,2.963709677419355,0.0,0.0022731246,0.0022731246,0,0.0020182708707645594,0,1.0,66,0.05071952126833737
Star Trek (creative franchise),Star Trek (creative franchise),12,12.0,4.0,2.963709677419355,0.0,0.0022731246,0.0022731246,0,0.0020182708707645594,0,1.0,66,0.050719521268337384
Survivalism,Survivalism,17,17.0,4.0,2.8245967741935485,249.60933584737452,0.0031474035,0.0031474035,0,0.0028213175200736147,0,0.5808823529411765,79,0.06665062371225834
Star Wars (creative franchise),Star Wars (creative franchise),12,12.0,4.0,2.963709677419355,0.0,0.0022731246,0.0022731246,0,0.0020182708707645594,0,1.0,66,0.05071952126833737
Science Fiction (genre),Science Fiction (genre),20,24.0,4.0,2.840725806451613,232.09227422395563,0.0036719707,0.0036719707,0,0.0033403877067870067,0,0.49473684210526314,94,0.07559743324798379
PC Gaming,PC Gaming,12,12.0,4.0,2.963709677419355,0.0,0.0022731246,0.0022731246,0,0.0020182708707645594,0,1.0,66,0.05071952126833737
Video Games,Video Games,12,12.0,4.0,2.963709677419355,0.0,0.0022731246,0.0022731246,0,0.0020182708707645594,0,1.0,66,0.05071952126833737
Space Travel,Space Travel,48,103.0,4.0,2.6370967741935485,3967.70108090927,0.008567931,0.008567931,8,0.008414775400469166,0,0.18262411347517732,206,0.1397491786951129
NASA,NASA,20,26.0,4.0,3.0120967741935485,357.9020152179975,0.0036719707,0.0036719707,8,0.0035054840992147147,0,0.42105263157894735,80,0.06203298874066662
Planetary Science,Planetary Science,8,8.0,5.0,3.1088709677419355,27.631662223941625,0.0015737017,0.0015737017,8,0.0016003388640162732,0,0.6428571428571429,18,0.03481409327689741
Movie Story and Plot Themes,Movie Story and Plot Themes,2,2.0,5.0,3.219758064516129,0.0,5.245672E-4,5.245672E-4,0,6.504571469787127E-4,0,1.0,1,0.01059006405453941
Ethical Dilemmas,Ethical Dilemmas,2,2.0,5.0,3.3044354838709675,0.0,5.245672E-4,5.245672E-4,0,7.988998386927613E-4,0,1.0,1,0.008790423471271092
Apocalyptic and Post-Apocalyptic Hypothetical Scenarios,Apocalyptic and Post-Apocalyptic Hypothetical Scenarios,2,2.0,5.0,3.3044354838709675,0.0,5.245672E-4,5.245672E-4,0,7.988998386927613E-4,0,1.0,1,0.008790423471271092
Illegal Immigrants,Illegal Immigrants,4,4.0,5.0,3.3004032258064515,0.0,8.742787E-4,8.742787E-4,0,0.0010326131671917012,0,1.0,6,0.016187625483057456
Immigration,Immigration,4,4.0,5.0,3.3004032258064515,0.0,8.742787E-4,8.742787E-4,0,0.0010326131671917012,0,1.0,6,0.016187625483057456
Interstellar Travel,Interstellar Travel,30,40.0,4.0,2.7701612903225805,2418.3720592148643,0.005420528,0.005420528,8,0.005605615423152986,0,0.26436781609195403,115,0.09066807802138951
Lockheed Martin,Lockheed Martin,11,11.0,5.0,3.379032258064516,0.0,0.0020982688,0.0020982688,8,0.00198363981690363,0,1.0,55,0.029272927995324508
Teleportation,Teleportation,11,11.0,5.0,3.379032258064516,0.0,0.0020982688,0.0020982688,8,0.00198363981690363,0,1.0,55,0.029272927995324508
Wormholes,Wormholes,11,11.0,5.0,3.379032258064516,0.0,0.0020982688,0.0020982688,8,0.00198363981690363,0,1.0,55,0.029272927995324508
Boeing,Boeing,11,11.0,5.0,3.379032258064516,0.0,0.0020982688,0.0020982688,8,0.00198363981690363,0,1.0,55,0.029272927995324514
SpaceX,SpaceX,13,15.0,5.0,3.375,20.325757434082128,0.0024479805,0.0024479805,8,0.0023938289861478003,0,0.7692307692307693,60,0.031071885003439728
Cosmology,Cosmology,14,14.0,4.0,3.0806451612903225,84.57195861771699,0.0026228363,0.0026228363,8,0.002487145935934859,0,0.6923076923076923,63,0.042959996350215586
Amazon (company),Amazon (company),11,11.0,5.0,3.379032258064516,0.0,0.0020982688,0.0020982688,8,0.00198363981690363,0,1.0,55,0.029272927995324504
Google,Google,11,11.0,5.0,3.379032258064516,0.0,0.0020982688,0.0020982688,8,0.00198363981690363,0,1.0,55,0.029272927995324508
Stars (astronomy),Stars (astronomy),3,3.0,5.0,3.1955645161290325,0.0,6.9942296E-4,6.9942296E-4,8,7.434026742482629E-4,0,1.0,3,0.015549725158435914
Astrophysics,Astrophysics,18,39.0,4.0,2.818548387096774,264.5504283795641,0.003322259,0.003322259,8,0.0031690805150465747,0,0.45751633986928103,70,0.060375405226664174
Jet Propulsion Laboratory (JPL),Jet Propulsion Laboratory (JPL),5,5.0,5.0,3.183467741935484,0.0,0.0010491344,0.0010491344,8,0.0010509634400348038,0,1.0,10,0.024201387573177722
Spacecraft,Spacecraft,11,13.0,5.0,3.0221774193548385,31.285406347116957,0.0020982688,0.0020982688,8,0.0020107126203486978,0,0.6909090909090909,38,0.038539905491403056
Space Exploration,Space Exploration,13,36.0,5.0,3.0826612903225805,49.82902527107849,0.0024479805,0.0024479805,8,0.002367954005277307,0,0.5512820512820513,43,0.04824675526371815
Exoplanets,Exoplanets,8,8.0,4.0,2.9274193548387095,0.0,0.0015737017,0.0015737017,8,0.0014920897561663362,0,1.0,28,0.049312985274134975
Values and Principles,Values and Principles,8,8.0,4.0,2.9274193548387095,0.0,0.0015737017,0.0015737017,8,0.0014920897561663362,0,1.0,28,0.049312985274134975
Ethics,Ethics,8,8.0,4.0,2.9274193548387095,0.0,0.0015737017,0.0015737017,8,0.0014920897561663362,0,1.0,28,0.049312985274134975
"Humans ","Humans ",4,4.0,5.0,3.155241935483871,0.0,8.742787E-4,8.742787E-4,8,8.899641884504237E-4,0,1.0,6,0.02689847738731019
Astronomy,Astronomy,12,33.0,5.0,3.1028225806451615,31.902460245339498,0.0022731246,0.0022731246,8,0.0022583733527629527,0,0.6363636363636364,42,0.041204086312033816
Physics,Physics,25,69.0,4.0,2.9274193548387095,2807.7921237334763,0.0045462493,0.0045462493,8,0.004919688615522841,0,0.2633333333333333,79,0.05893652423310494
The Sun,The Sun,4,4.0,5.0,3.2721774193548385,0.0,8.742787E-4,8.742787E-4,8,0.0010576289698648027,0,1.0,6,0.013940978837918044
Skin,Skin,4,4.0,5.0,3.2721774193548385,0.0,8.742787E-4,8.742787E-4,8,0.001057628969864803,0,1.0,6,0.013940978837918044
Human Evolution,Human Evolution,5,6.0,5.0,3.2701612903225805,45.30541170608218,0.0010491344,0.0010491344,8,0.0013465102150961232,0,0.7,7,0.014491468032089566
Speciation,Speciation,2,2.0,5.0,3.7661290322580645,0.0,5.245672E-4,5.245672E-4,8,6.895393294310695E-4,0,1.0,1,0.005243120700557509
Tourism,Tourism,3,3.0,5.0,3.1411290322580645,0.0,6.9942296E-4,6.9942296E-4,0,7.687691460006328E-4,0,1.0,3,0.02032697621213627
Human Spaceflight,Human Spaceflight,1,1.0,5.0,3.7681451612903225,0.0,3.4971148E-4,3.4971148E-4,8,4.6062583071994334E-4,0,0.0,0,0.004272790671523639
Gravity,Gravity,8,8.0,5.0,3.028225806451613,0.0,0.0015737017,0.0015737017,8,0.0015218931062639426,0,1.0,28,0.03204954926660424
Human Brain,Human Brain,8,8.0,5.0,3.028225806451613,0.0,0.0015737017,0.0015737017,8,0.0015218931062639426,0,1.0,28,0.03204954926660424
Human Biology,Human Biology,13,13.0,5.0,2.943548387096774,109.43312118769283,0.0024479805,0.0024479805,8,0.002322127641392398,0,0.5384615384615384,42,0.048632236825829234
Biology,Biology,12,12.0,5.0,3.004032258064516,610.2865934531222,0.0022731246,0.0022731246,8,0.002390155131706321,0,0.5606060606060606,37,0.03703412463656836
Elon Musk,Elon Musk,4,4.0,5.0,3.618951612903226,0.0,8.742787E-4,8.742787E-4,8,9.728473175268861E-4,0,1.0,6,0.013524527668050106
Startup Founders and Entrepreneurs,Startup Founders and Entrepreneurs,4,4.0,5.0,3.618951612903226,0.0,8.742787E-4,8.742787E-4,8,9.728473175268861E-4,0,1.0,6,0.013524527668050108
Costs,Costs,4,4.0,5.0,3.185483870967742,0.0,8.742787E-4,8.742787E-4,8,9.405830387457996E-4,0,1.0,6,0.020994739410359065
Economics of Everyday Life,Economics of Everyday Life,4,4.0,5.0,3.185483870967742,0.0,8.742787E-4,8.742787E-4,8,9.405830387457996E-4,0,1.0,6,0.020994739410359065
Relativity (physics),Relativity (physics),1,1.0,5.0,3.6350806451612905,0.0,3.4971148E-4,3.4971148E-4,8,4.5082507815218364E-4,0,0.0,0,0.006441887060660703
Alien (movie series and creative franchise),Alien (movie series and creative franchise),6,6.0,5.0,3.1774193548387095,7.081944444444446,0.0012239902,0.0012239902,8,0.001225840718766933,0,0.6,9,0.02395465884552205
Vacuum (space),Vacuum (space),19,50.0,5.0,3.092741935483871,621.3098224737823,0.0034971149,0.0034971149,8,0.003572585064598236,0,0.391812865497076,67,0.04600430008579907
Science,Science,13,16.0,5.0,3.0080645161290325,965.7007657178597,0.0024479805,0.0024479805,8,0.0026097951192128443,0,0.34615384615384615,27,0.0382491905546439
The Universe,The Universe,3,3.0,5.0,3.1653225806451615,0.0,6.9942296E-4,6.9942296E-4,8,7.591087826927349E-4,0,1.0,3,0.01988214147740733
Science of Everyday Life,Science of Everyday Life,16,20.0,5.0,3.058467741935484,635.9733403464602,0.0029725477,0.0029725477,8,0.0029792260326928902,0,0.5,60,0.04536765623179559
Movie Magic,Movie Magic,6,6.0,5.0,3.090725806451613,0.0,0.0012239902,0.0012239902,8,0.0012485938071307007,0,1.0,15,0.027827428996011407
Sleep,Sleep,5,5.0,5.0,3.092741935483871,0.0,0.0010491344,0.0010491344,8,0.0010632608614282275,0,1.0,10,0.018549439401582674
Heat Transfer,Heat Transfer,3,3.0,5.0,3.7701612903225805,0.0,6.9942296E-4,6.9942296E-4,8,8.928987708481436E-4,0,1.0,3,0.0058454616778808215
Chemistry,Chemistry,3,3.0,5.0,3.7701612903225805,0.0,6.9942296E-4,6.9942296E-4,8,8.928987708481436E-4,0,1.0,3,0.0058454616778808215
Tartigrades,Tartigrades,4,4.0,5.0,3.786290322580645,0.0,8.742787E-4,8.742787E-4,8,0.0011108838864950451,0,1.0,6,0.006570841221512202
Tardigrades,Tardigrades,4,4.0,5.0,3.786290322580645,0.0,8.742787E-4,8.742787E-4,8,0.0011108838864950451,0,1.0,6,0.006570841221512202
Animals,Animals,4,4.0,5.0,3.786290322580645,0.0,8.742787E-4,8.742787E-4,8,0.0011108838864950451,0,1.0,6,0.006570841221512202
Sound,Sound,9,11.0,5.0,3.7076612903225805,22.502425057877495,0.0017485574,0.0017485574,8,0.0019064843221236177,0,0.7222222222222222,26,0.015033340699194663
Speed of Light,Speed of Light,4,4.0,5.0,3.7620967741935485,0.0,8.742787E-4,8.742787E-4,8,9.799074992777946E-4,0,1.0,6,0.008901077819338899
Sound Waves,Sound Waves,7,7.0,5.0,3.8629032258064515,0.0,0.0013988459,0.0013988459,8,0.0015226467060233898,0,1.0,21,0.012348332632621885
Waves (physics),Waves (physics),7,7.0,5.0,3.8629032258064515,0.0,0.0013988459,0.0013988459,8,0.0015226467060233898,0,1.0,21,0.012348332632621885
Visible Light,Visible Light,7,7.0,5.0,3.8629032258064515,0.0,0.0013988459,0.0013988459,8,0.0015226467060233898,0,1.0,21,0.012348332632621885
Electromagnetism,Electromagnetism,7,7.0,5.0,3.8629032258064515,0.0,0.0013988459,0.0013988459,8,0.0015226467060233898,0,1.0,21,0.012348332632621885
Balloons,Balloons,5,5.0,5.0,3.1975806451612905,0.0,0.0010491344,0.0010491344,8,0.0011238041604558382,0,1.0,10,0.017879284005017138
Earth (planet),Earth (planet),5,5.0,5.0,3.1975806451612905,0.0,0.0010491344,0.0010491344,8,0.0011238041604558382,0,1.0,10,0.017879284005017138
Where the Wild Things Are (1963 book),Where the Wild Things Are (1963 book),2,2.0,5.0,3.314516129032258,0.0,5.245672E-4,5.245672E-4,3,6.011400199648348E-4,0,1.0,1,0.014830786992219566
Doctor Recommendations,Doctor Recommendations,8,8.0,5.0,3.3024193548387095,0.0,0.0015737017,0.0015737017,3,0.0015394715856101875,0,1.0,28,0.028967171285924485
Medicine and Healthcare in India,Medicine and Healthcare in India,8,8.0,5.0,3.3024193548387095,0.0,0.0015737017,0.0015737017,3,0.0015394715856101875,0,1.0,28,0.028967171285924485
Clinical Psychology & Psychiatry,Clinical Psychology & Psychiatry,8,8.0,5.0,3.3024193548387095,0.0,0.0015737017,0.0015737017,3,0.0015394715856101875,0,1.0,28,0.028967171285924485
Health,Health,8,8.0,5.0,3.3024193548387095,0.0,0.0015737017,0.0015737017,3,0.0015394715856101872,0,1.0,28,0.028967171285924485
Movie Recommendations,Movie Recommendations,3,3.0,5.0,3.163306451612903,0.0,6.9942296E-4,6.9942296E-4,3,7.922603326954341E-4,0,1.0,3,0.017324483632652307
Paranoid Delusions,Paranoid Delusions,11,11.0,4.0,2.931451612903226,0.0,0.0020982688,0.0020982688,3,0.001900945487549796,0,1.0,55,0.061640912391619056
Delusional Disorder,Delusional Disorder,11,11.0,4.0,2.931451612903226,0.0,0.0020982688,0.0020982688,3,0.001900945487549796,0,1.0,55,0.061640912391619056
Paranoia,Paranoia,13,15.0,4.0,2.909274193548387,26.07876350940823,0.0024479805,0.0024479805,3,0.002243814507974704,0,0.8205128205128205,64,0.06626994111369441
Personality Disorders,Personality Disorders,11,11.0,4.0,2.931451612903226,0.0,0.0020982688,0.0020982688,3,0.001900945487549796,0,1.0,55,0.061640912391619056
Crack Cocaine,Crack Cocaine,7,7.0,5.0,3.306451612903226,0.0,0.0013988459,0.0013988459,3,0.0016812739060069679,0,1.0,21,0.013941550977795342
Heroin,Heroin,7,7.0,5.0,3.306451612903226,0.0,0.0013988459,0.0013988459,3,0.0016812739060069679,0,1.0,21,0.013941550977795342
MDMA (Ecstasy),MDMA (Ecstasy),7,7.0,5.0,3.306451612903226,0.0,0.0013988459,0.0013988459,3,0.0016812739060069679,0,1.0,21,0.013941550977795342
Methamphetamine,Methamphetamine,7,7.0,5.0,3.306451612903226,0.0,0.0013988459,0.0013988459,3,0.0016812739060069679,0,1.0,21,0.013941550977795342
Cocaine,Cocaine,7,7.0,5.0,3.306451612903226,0.0,0.0013988459,0.0013988459,3,0.0016812739060069679,0,1.0,21,0.013941550977795342
Psychedelic Drugs,Psychedelic Drugs,7,7.0,5.0,3.306451612903226,0.0,0.0013988459,0.0013988459,3,0.0016812739060069679,0,1.0,21,0.013941550977795342
Recreational Drugs,Recreational Drugs,7,7.0,5.0,3.306451612903226,0.0,0.0013988459,0.0013988459,3,0.0016812739060069679,0,1.0,21,0.013941550977795342
Bipolar Disorder,Bipolar Disorder,4,4.0,5.0,3.252016129032258,0.0,8.742787E-4,8.742787E-4,3,8.994041834215129E-4,0,1.0,6,0.021384897914584085
Siblings,Siblings,3,3.0,5.0,3.2419354838709675,0.0,6.9942296E-4,6.9942296E-4,3,8.012994974753098E-4,0,1.0,3,0.014543470446336831
Blasphemy,Blasphemy,31,65.0,4.0,2.4294354838709675,1762.0331888084565,0.0055953837,0.0055953837,2,0.005342246739522048,0,0.25591397849462366,119,0.24592596305083034
Legislation,Legislation,13,13.0,5.0,3.306451612903226,422.92496097281906,0.0024479805,0.0024479805,2,0.002381744709494251,0,0.717948717948718,56,0.027667146735321228
Specific Languages,Specific Languages,2,2.0,5.0,3.403225806451613,0.0,5.245672E-4,5.245672E-4,2,6.03939707677485E-4,0,1.0,1,0.010439052861734823
Commercial Media,Commercial Media,6,6.0,4.0,2.663306451612903,0.0,0.0012239902,0.0012239902,2,0.001217232767595349,0,1.0,15,0.07725091307851692
Historical India,Historical India,6,6.0,4.0,2.663306451612903,0.0,0.0012239902,0.0012239902,2,0.001217232767595349,0,1.0,15,0.07725091307851692
User Rights,User Rights,11,11.0,6.0,3.776209677419355,0.0,0.0020982688,0.0020982688,2,0.0019813114627722263,0,1.0,55,0.018529521450437143
Lawmaking,Lawmaking,11,11.0,6.0,3.776209677419355,0.0,0.0020982688,0.0020982688,2,0.0019813114627722263,0,1.0,55,0.018529521450437143
U.S. Federal Law,U.S. Federal Law,11,11.0,6.0,3.776209677419355,0.0,0.0020982688,0.0020982688,2,0.0019813114627722263,0,1.0,55,0.018529521450437146
Technology Law,Technology Law,11,11.0,6.0,3.776209677419355,0.0,0.0020982688,0.0020982688,2,0.0019813114627722263,0,1.0,55,0.018529521450437146
Cloud Security,Cloud Security,11,11.0,6.0,3.776209677419355,0.0,0.0020982688,0.0020982688,2,0.0019813114627722263,0,1.0,55,0.018529521450437146
"U.S. Federal, State, and Local Law","U.S. Federal, State, and Local Law",11,11.0,6.0,3.776209677419355,0.0,0.0020982688,0.0020982688,2,0.0019813114627722263,0,1.0,55,0.01852952145043715
U.S. Congress,U.S. Congress,11,11.0,6.0,3.776209677419355,0.0,0.0020982688,0.0020982688,2,0.0019813114627722263,0,1.0,55,0.018529521450437146
Information Security,Information Security,11,11.0,6.0,3.776209677419355,0.0,0.0020982688,0.0020982688,2,0.0019813114627722263,0,1.0,55,0.018529521450437146
Computer Security,Computer Security,11,11.0,6.0,3.776209677419355,0.0,0.0020982688,0.0020982688,2,0.0019813114627722263,0,1.0,55,0.018529521450437143
Legal Issues and Law in Everyday Life,Legal Issues and Law in Everyday Life,7,11.0,4.0,2.592741935483871,83.75653543495491,0.0013988459,0.0013988459,2,0.0013991112434530379,0,0.8095238095238095,17,0.10101013869856039
Secularism,Secularism,6,6.0,4.0,2.659274193548387,0.0,0.0012239902,0.0012239902,2,0.001214665425124839,0,1.0,15,0.07535311755022131
Laws in India,Laws in India,6,6.0,4.0,2.659274193548387,0.0,0.0012239902,0.0012239902,2,0.0012146654251248392,0,1.0,15,0.0753531175502213
Dogma,Dogma,4,4.0,4.0,2.7096774193548385,0.0,8.742787E-4,8.742787E-4,2,8.849247920329438E-4,0,1.0,6,0.05668268926318973
Egypt,Egypt,3,3.0,5.0,3.306451612903226,0.0,6.9942296E-4,6.9942296E-4,2,7.653954557656796E-4,0,1.0,3,0.021085245154972287
Islamic Countries,Islamic Countries,7,7.0,4.0,2.5786290322580645,0.0,0.0013988459,0.0013988459,1,0.0013178733866052294,0,1.0,21,0.12305385010449164
Crime,Crime,9,12.0,4.0,2.5705645161290325,11.666276001260519,0.0017485574,0.0017485574,2,0.0016471518176906551,0,0.8055555555555556,29,0.13378347687950723
Bangladesh,Bangladesh,4,4.0,4.0,2.6169354838709675,0.0,8.742787E-4,8.742787E-4,2,8.734473402668224E-4,0,1.0,6,0.08703597068699598
Society,Society,6,6.0,4.0,2.594758064516129,0.0,0.0012239902,0.0012239902,2,0.0011844096636813612,0,1.0,15,0.0999952429927739
Freedom of Speech,Freedom of Speech,5,5.0,4.0,2.693548387096774,0.0,0.0010491344,0.0010491344,2,0.0010442414054738548,0,1.0,10,0.06326138728648863
Authoritarian Government,Authoritarian Government,6,6.0,4.0,2.681451612903226,0.0,0.0012239902,0.0012239902,2,0.001155679284820349,0,1.0,15,0.08000906939506491
