Id,Label,In-Degree,Out-Degree,Degree,Weighted Degree,Weighted In-Degree,Weighted Out-Degree,Eccentricity,Closeness Centrality,Betweenness Centrality,Authority,Hub,Modularity Class,PageRank,Component ID,Strongly-Connected ID,Clustering Coefficient,Eigenvector Centrality
Michael-Baucum,Michael-Baucum,13,0,13,13.0,13.0,0.0,0.0,0.0,0.0,0.0038450975,0.0,2,0.011814504091294848,0,0,0.15384616,0.1547542319439404
Bri-Mendiola,Bri-Mendiola,1,1,2,4.0,2.0,2.0,8.0,4.418181818181818,0.0,5.4929964E-4,6.6822587E-4,6,0.006845911117535266,0,6,0.0,0.08500523084579778
Vivek-Mehta,Vivek-Mehta,30,1,31,31.0,30.0,1.0,8.0,4.418181818181818,0.0,0.008514144,0.009021049,2,0.012151574995492432,0,6,0.059770115,0.18401796358459957
Dan-Munro,Dan-Munro,60,0,60,60.0,60.0,0.0,0.0,0.0,0.0,0.01675364,0.0,0,0.014224498027909871,0,1,0.026553672,0.24957320584778514
Shubham-Gupta,Shubham-Gupta,3,13,16,20.0,4.0,16.0,7.0,2.875757575757576,661.9457819764789,0.0010985993,0.0013364517,3,7.591374572202313E-4,0,6,0.1,0.007218091844860714
Elvis-Law,Elvis-Law,0,3,3,3.0,0.0,3.0,8.0,3.691842900302115,0.0,0.0,3.3411293E-4,6,5.367386671337139E-4,0,7,0.33333334,0.0
Ryan-Davis,Ryan-Davis,0,1,1,1.0,0.0,1.0,8.0,4.410876132930514,0.0,0.0,3.3411293E-4,6,5.367386671337139E-4,0,8,0.0,0.0
Austin-Conlon,Austin-Conlon,472,21,493,606.0,582.0,24.0,7.0,3.4212121212121214,62724.80204181442,0.12990937,0.111593716,6,0.15587014784448855,0,6,0.011862034,1.0
Kelly-Erickson,Kelly-Erickson,107,0,107,128.0,128.0,0.0,0.0,0.0,0.0,0.02966218,0.0,0,0.029358346492839298,0,2,0.0392347,0.43382157254686776
Robert-Gluck,Robert-Gluck,117,8,125,144.0,136.0,8.0,6.0,3.2484848484848485,16266.779056559104,0.03240868,0.03174073,2,0.03117371372368101,0,6,0.041386556,0.4272080736428093
Kavinay-Kishor,Kavinay-Kishor,12,2,14,14.0,12.0,2.0,8.0,5.015151515151516,146.07398583174907,0.0035704477,0.0033411293,1,0.0076736104441437894,0,6,0.13186814,0.12003198880864033
Shuba-Swaminathan,Shuba-Swaminathan,42,2,44,45.0,43.0,2.0,7.0,3.536363636363636,6946.61798929048,0.011809942,0.013030404,6,0.011200146818508634,0,6,0.050211415,0.20283819542826595
Waleed-Kadous,Waleed-Kadous,74,0,74,109.0,109.0,0.0,0.0,0.0,0.0,0.020598738,0.0,1,0.01830532935834768,0,5,0.040355425,0.31910028233946025
Mike-Criner,Mike-Criner,56,9,65,69.0,56.0,13.0,6.0,2.915151515151515,30567.37996040594,0.01565504,0.017707985,0,0.02220181252953715,0,6,0.05523086,0.2939074697464327
Yanxin-Shi,Yanxin-Shi,5,2,7,7.0,5.0,2.0,8.0,4.418181818181818,650.9405798231812,0.0016478989,0.0020046777,6,0.029792679439683625,0,6,0.2,0.12052915508832603
Johnny-Ho,Johnny-Ho,57,1,58,58.0,57.0,1.0,9.0,5.415151515151515,38.60512681762681,0.01592969,0.017707985,6,0.026657908934607427,0,6,0.023182957,0.24456194288077512
Craig-Good,Craig-Good,120,0,120,146.0,146.0,0.0,0.0,0.0,0.0,0.03323263,0.0,4,0.04035583675899145,0,3,0.027380953,0.46399139832685293
Jeff-Kesselman,Jeff-Kesselman,59,0,59,60.0,60.0,0.0,0.0,0.0,0.0,0.01647899,0.0,1,0.016986391787408663,0,4,0.02980713,0.2739767228139966
Darren-Beattie,Darren-Beattie,48,2,50,50.0,48.0,2.0,8.0,4.909090909090909,281.23698490545337,0.013457841,0.014700969,1,0.012714551944605594,0,6,0.04464286,0.23177657742054342
Elena-Morozova,Elena-Morozova,2,1,3,5.0,3.0,2.0,8.0,4.418181818181818,0.0,8.2394946E-4,0.0010023388,6,0.006877815444201054,0,6,0.5,0.08756222719853823
Bruce-Bracken,Bruce-Bracken,61,6,67,81.0,74.0,7.0,6.0,3.139393939393939,13514.65455964977,0.017028289,0.01703976,0,0.01321007558094945,0,6,0.069196425,0.2475950745636996
Vallabhaneni-Srikar,Vallabhaneni-Srikar,1,7,8,9.0,1.0,8.0,6.0,2.8484848484848486,0.7916666666666666,5.4929964E-4,6.6822587E-4,4,6.941611388413206E-4,0,6,0.35714287,0.0036679245344418345
Annika-Schauer,Annika-Schauer,47,7,54,63.0,55.0,8.0,6.0,3.2363636363636363,10421.02754114627,0.013183191,0.01369863,2,0.020135169011209392,0,6,0.065476194,0.253447034905345
Azmath-Shamrad,Azmath-Shamrad,4,25,29,31.0,4.0,27.0,6.0,2.5757575757575757,459.18521320605777,0.0013732491,0.0016705646,6,8.001643245075356E-4,0,6,0.1039886,0.023532774715735495
Gulam-Gouse,Gulam-Gouse,4,5,9,9.0,4.0,5.0,8.0,3.684848484848485,9.661860744252287,0.0013732491,0.0016705646,6,8.460271812154395E-4,0,6,0.33333334,0.013682449744073864
Chethanaraj-Rao,Chethanaraj-Rao,0,3,3,3.0,0.0,3.0,7.0,3.6314199395770395,0.0,0.0,3.3411293E-4,1,5.367386671337139E-4,0,9,0.33333334,0.0
Nivedha-Shri-Shanmugam,Nivedha-Shri-Shanmugam,0,1,1,2.0,0.0,2.0,8.0,4.410876132930514,0.0,0.0,3.3411293E-4,6,5.367386671337139E-4,0,10,0.0,0.0
Amit-Singh,Amit-Singh,2,4,6,6.0,2.0,4.0,7.0,3.596969696969697,22.97548880518695,8.2394946E-4,0.0010023388,1,6.478437726958475E-4,0,6,0.23333333,0.0036924721816146795
Armaan-Sanket,Armaan-Sanket,1,2,3,3.0,1.0,2.0,8.0,4.410876132930514,0.0,5.4929964E-4,6.6822587E-4,6,9.334992894237329E-4,0,11,0.0,9.736343947648743E-4
Joseph-Sushil,Joseph-Sushil,1,3,4,4.0,1.0,3.0,6.0,2.9060606060606062,0.125,5.4929964E-4,6.6822587E-4,2,6.125726586549755E-4,0,6,0.5,0.01402821370608486
Jeff-Chong,Jeff-Chong,0,1,1,1.0,0.0,1.0,8.0,4.410876132930514,0.0,0.0,3.3411293E-4,6,5.367386671337139E-4,0,12,0.0,0.0
Sameed-Khan,Sameed-Khan,0,1,1,1.0,0.0,1.0,8.0,4.410876132930514,0.0,0.0,3.3411293E-4,6,5.367386671337139E-4,0,13,0.0,0.0
Tamilthaaragai-Muthukumar,Tamilthaaragai-Muthukumar,2,2,4,4.0,2.0,2.0,8.0,4.1909090909090905,0.12142857142857143,8.2394946E-4,0.0010023388,6,5.749172040990689E-4,0,6,0.25,0.00835136764067522
Mark-Harrison,Mark-Harrison,31,3,34,34.0,31.0,3.0,7.0,4.027272727272727,568.6179857763774,0.008788794,0.009689275,6,0.009776934948524338,0,6,0.05965909,0.13666604221254086
Subhakar-Manepalli,Subhakar-Manepalli,3,17,20,24.0,3.0,21.0,6.0,2.5454545454545454,238.94609108657215,0.0010985993,0.0010023388,0,7.778686000860697E-4,0,6,0.14052288,0.017070950303712043
Lalit-Palariya,Lalit-Palariya,3,11,14,17.0,3.0,14.0,6.0,2.6515151515151514,299.992827193664,0.0010985993,0.0013364517,4,7.345420587883793E-4,0,6,0.12878788,0.012947352896085906
Shambhavi-Choudhary,Shambhavi-Choudhary,2,1,3,3.0,2.0,1.0,8.0,4.412121212121212,0.0,8.2394946E-4,6.6822587E-4,6,7.835984855319597E-4,0,6,0.33333334,0.010608394319880352
William-Treseder,William-Treseder,11,1,12,15.0,14.0,1.0,8.0,4.418181818181818,0.0,0.0032957979,0.0040093553,5,0.00796802710957511,0,6,0.13636364,0.10752294748412751
Anu-Rag,Anu-Rag,0,3,3,3.0,0.0,3.0,6.0,3.4229607250755287,0.0,0.0,3.3411293E-4,5,5.367386671337139E-4,0,14,0.5,0.0
Miljan-Vukajlovic,Miljan-Vukajlovic,3,7,10,13.0,3.0,10.0,6.0,2.6636363636363636,133.32195484452293,0.0010985993,0.0010023388,6,6.55339643993126E-4,0,6,0.14285715,0.017435262367283294
Monny-Carvalho,Monny-Carvalho,0,1,1,2.0,0.0,2.0,8.0,4.410876132930514,0.0,0.0,3.3411293E-4,6,5.367386671337139E-4,0,15,0.0,0.0
Tyler-Raciti,Tyler-Raciti,3,8,11,14.0,3.0,11.0,6.0,3.2333333333333334,184.76996483234242,0.0010985993,0.0010023388,6,7.167797647480895E-4,0,6,0.16666667,0.010942679800445144
Jana-Rubio,Jana-Rubio,2,2,4,4.0,2.0,2.0,6.0,2.9515151515151516,17.20319613899796,8.2394946E-4,0.0010023388,6,5.744022116288076E-4,0,6,0.33333334,0.00886607873115632
Anil-Khanna,Anil-Khanna,1,6,7,7.0,1.0,6.0,6.0,2.6824925816023737,50.48749639478734,5.4929964E-4,6.6822587E-4,2,5.885230490837681E-4,0,20,0.43333334,0.00109792815334685
Surendar-Nambirajan,Surendar-Nambirajan,0,5,5,7.0,0.0,7.0,7.0,3.471299093655589,0.0,0.0,3.3411293E-4,6,5.367386671337139E-4,0,21,0.25,0.0
David-Reghay,David-Reghay,3,3,6,7.0,3.0,4.0,6.0,2.8727272727272726,75.20361466713106,0.0010985993,0.0013364517,6,8.401384753950951E-4,0,6,0.33333334,0.022966566876378425
Siva-Ram-AK,Siva-Ram-AK,10,12,22,23.0,10.0,13.0,6.0,2.5606060606060606,1014.6698369961111,0.003021148,0.0033411293,1,0.0013889653141996336,0,6,0.12105263,0.05554432161185253
Abhimanyu-Kumar,Abhimanyu-Kumar,1,2,3,3.0,1.0,2.0,7.0,3.0606060606060606,0.0,5.4929964E-4,6.6822587E-4,3,5.863757400373478E-4,0,6,0.5,0.0014447881968727885
Prasad-Karkhanis,Prasad-Karkhanis,1,19,20,20.0,1.0,19.0,6.0,2.687878787878788,46.03563723145939,5.4929964E-4,6.6822587E-4,0,6.720169721815234E-4,0,6,0.09736842,0.0015380629679119986
Dong-Lee,Dong-Lee,0,2,2,2.0,0.0,2.0,6.0,3.5075528700906347,0.0,0.0,3.3411293E-4,5,5.367386671337139E-4,0,22,0.5,0.0
Amit-Iyer,Amit-Iyer,2,12,14,14.0,2.0,12.0,6.0,2.590909090909091,166.7825012200383,8.2394946E-4,0.0010023388,2,6.327880229219979E-4,0,6,0.2628205,0.007579536374943025
Mhd-Hassan,Mhd-Hassan,3,19,22,33.0,3.0,30.0,6.0,2.5242424242424244,656.8072870983809,0.0010985993,0.0013364517,5,7.767833925117097E-4,0,6,0.17251462,0.022284690312023018
Suyash-Shrivastava,Suyash-Shrivastava,1,1,2,2.0,1.0,1.0,8.0,4.409090909090909,0.0,5.4929964E-4,6.6822587E-4,0,6.024987004195687E-4,0,6,0.5,0.007130350559242462
Abel-Moyo,Abel-Moyo,4,4,8,10.0,4.0,6.0,8.0,4.3969696969696965,0.8501757024648939,0.0013732491,0.0013364517,1,8.510011340674573E-4,0,6,0.23214285,0.023816619184836397
Eric-Beauzay,Eric-Beauzay,3,9,12,13.0,3.0,10.0,7.0,3.3636363636363638,54.90513355985055,0.0010985993,0.0013364517,2,7.591958379537212E-4,0,6,0.20454545,0.009232237027760477
Harshit-Misra,Harshit-Misra,1,4,5,5.0,1.0,4.0,7.0,3.496969696969697,482.1316732918671,5.4929964E-4,6.6822587E-4,6,5.568870974141247E-4,0,6,0.2,0.005542210770036887
Renan-Prasta-Jenie,Renan-Prasta-Jenie,14,16,30,35.0,15.0,20.0,6.0,2.4424242424242424,3314.723505267612,0.0041197473,0.005011694,6,0.0018773631538495635,0,6,0.0952381,0.05947676350491963
Joshua-Prince,Joshua-Prince,1,5,6,6.0,1.0,5.0,6.0,2.903323262839879,35.206429399162396,5.4929964E-4,6.6822587E-4,2,5.885230490837681E-4,0,16,0.23333333,0.00109792815334685
Daniel-Adeyemo,Daniel-Adeyemo,2,2,4,5.0,3.0,2.0,6.0,2.909090909090909,12.575310901382117,8.2394946E-4,0.0010023388,2,6.799970617306075E-4,0,6,0.33333334,0.01875302467692914
Wang-Zhe,Wang-Zhe,0,5,5,5.0,0.0,5.0,7.0,2.9697885196374623,0.0,0.0,3.3411293E-4,1,5.367386671337139E-4,0,23,0.3,0.0
Diana-Aulicino,Diana-Aulicino,1,6,7,7.0,1.0,6.0,7.0,3.7363636363636363,0.7956204952698642,5.4929964E-4,6.6822587E-4,2,6.941611388413206E-4,0,6,0.23809524,0.0036679245344418345
Venkatesh-Jaisankar,Venkatesh-Jaisankar,4,1,5,5.0,4.0,1.0,8.0,4.409090909090909,0.0,0.0013732491,0.0016705646,6,6.620863821700276E-4,0,6,0.2,0.008729343891891448
Jen-Holt,Jen-Holt,0,4,4,4.0,0.0,4.0,6.0,3.7522658610271904,0.0,0.0,3.3411293E-4,2,5.367386671337139E-4,0,24,0.33333334,0.0
Dharmendra-Pandey,Dharmendra-Pandey,0,3,3,3.0,0.0,3.0,7.0,3.8700906344410875,0.0,0.0,3.3411293E-4,6,5.367386671337139E-4,0,25,0.33333334,0.0
Manish-Kamble,Manish-Kamble,0,4,4,4.0,0.0,4.0,6.0,2.8731117824773413,0.0,0.0,3.3411293E-4,0,5.367386671337139E-4,0,26,0.5,0.0
Hongjiang-Liu,Hongjiang-Liu,4,2,6,7.0,4.0,3.0,8.0,4.406060606060606,0.17402597402597403,0.0013732491,0.0016705646,4,6.841038378955574E-4,0,6,0.4,0.021994401006102747
Mahfuz-Ahmed,Mahfuz-Ahmed,1,7,8,8.0,1.0,7.0,6.0,2.688821752265861,53.64246941291826,5.4929964E-4,6.6822587E-4,2,5.885230490837681E-4,0,17,0.26785713,0.00109792815334685
Hemant-Malik,Hemant-Malik,1,10,11,11.0,1.0,10.0,6.0,2.6424242424242426,34.92761449771554,5.4929964E-4,6.6822587E-4,3,6.232326699111884E-4,0,6,0.29090908,0.004931111853279484
Narendra-Joshi,Narendra-Joshi,1,9,10,10.0,1.0,9.0,7.0,2.9454545454545453,125.05053640923508,5.4929964E-4,6.6822587E-4,2,6.041630702093458E-4,0,6,0.22222222,0.0047248109708442855
Joseph-Pallante,Joseph-Pallante,2,11,13,16.0,2.0,14.0,6.0,3.163204747774481,45.16233390792214,8.2394946E-4,0.0010023388,2,6.701389621824349E-4,0,20,0.12727273,0.0019635407400987216
John-Jane,John-Jane,0,6,6,6.0,0.0,6.0,7.0,3.867069486404834,0.0,0.0,3.3411293E-4,4,5.367386671337139E-4,0,27,0.3,0.0
Harish-Raman,Harish-Raman,1,2,3,3.0,1.0,2.0,8.0,4.403030303030303,0.7482142857142857,5.4929964E-4,6.6822587E-4,6,6.041630702093458E-4,0,6,0.33333334,0.0047248109708442855
Sathish-Kumar-Balakrishnan,Sathish-Kumar-Balakrishnan,1,6,7,9.0,2.0,7.0,7.0,2.9818731117824773,21.142346080916987,5.4929964E-4,6.6822587E-4,2,5.885230490837681E-4,0,18,0.23809524,0.00109792815334685
Srivats-Bharadwaj,Srivats-Bharadwaj,1,6,7,9.0,1.0,8.0,7.0,3.2666666666666666,11.380211400357112,5.4929964E-4,6.6822587E-4,6,6.155553428173238E-4,0,6,0.16666667,0.0032182883953272047
Bhanu-Korremula,Bhanu-Korremula,8,5,13,17.0,10.0,7.0,7.0,2.987878787878788,219.0414686208952,0.0024718484,0.0030070164,2,0.0010001930439183832,0,6,0.15151516,0.024126035192682437
Rishabh-Kanth,Rishabh-Kanth,10,7,17,18.0,11.0,7.0,6.0,2.7848484848484847,178.31328171983964,0.003021148,0.0033411293,0,0.001163866647335181,0,6,0.15833333,0.04526600106754327
Mayank-Sharma,Mayank-Sharma,2,7,9,10.0,2.0,8.0,6.0,2.6484848484848484,39.37676874925326,8.2394946E-4,0.0010023388,3,6.794300060510886E-4,0,6,0.32142857,0.007321603902777803
Adarsh-EP,Adarsh-EP,0,2,2,2.0,0.0,2.0,8.0,4.398791540785498,0.0,0.0,3.3411293E-4,6,5.367386671337139E-4,0,28,0.5,0.0
Rohith-Bcs,Rohith-Bcs,1,1,2,2.0,1.0,1.0,8.0,4.409090909090909,0.0,5.4929964E-4,6.6822587E-4,0,5.568870974141247E-4,0,6,0.5,0.005542210770036887
Twen-Ninele,Twen-Ninele,0,5,5,7.0,0.0,7.0,7.0,4.015105740181269,0.0,0.0,3.3411293E-4,4,5.367386671337139E-4,0,29,0.25,0.0
Anila-Syed,Anila-Syed,3,5,8,9.0,3.0,6.0,6.0,2.8333333333333335,528.6670025122809,0.0010985993,0.0013364517,0,7.957304825098474E-4,0,6,0.23214285,0.009885175788786553
Bahadur-Misho,Bahadur-Misho,4,8,12,14.0,4.0,10.0,6.0,2.7818181818181817,56.30444475766329,0.0013732491,0.0013364517,6,6.562378275380191E-4,0,6,0.11818182,0.02293324529866907
Yash-Shrivastava,Yash-Shrivastava,0,1,1,1.0,0.0,1.0,8.0,4.410876132930514,0.0,0.0,3.3411293E-4,6,5.367386671337139E-4,0,30,0.0,0.0
Jordas-Andrei,Jordas-Andrei,0,2,2,4.0,0.0,4.0,8.0,4.40785498489426,0.0,0.0,3.3411293E-4,4,5.367386671337139E-4,0,31,0.5,0.0
Muhammad-Khamees,Muhammad-Khamees,0,1,1,2.0,0.0,2.0,8.0,4.410876132930514,0.0,0.0,3.3411293E-4,6,5.367386671337139E-4,0,32,0.0,0.0
Oggu-Nagraj,Oggu-Nagraj,0,11,11,11.0,0.0,11.0,6.0,2.6404833836858006,0.0,0.0,3.3411293E-4,1,5.367386671337139E-4,0,33,0.3181818,0.0
Vijay-Bhore,Vijay-Bhore,2,5,7,7.0,2.0,5.0,5.0,2.918181818181818,6.075836862254739,8.2394946E-4,6.6822587E-4,0,5.602554057363466E-4,0,6,0.21428572,0.0033628208225473266
Chip-Houston,Chip-Houston,3,17,20,26.0,3.0,23.0,6.0,2.796969696969697,422.13540652635123,0.0010985993,0.0013364517,2,7.667785818968101E-4,0,6,0.13450292,0.02043534799953854
Matt-Elsen,Matt-Elsen,0,5,5,5.0,0.0,5.0,6.0,2.8187311178247736,0.0,0.0,3.3411293E-4,1,5.367386671337139E-4,0,34,0.4,0.0
Shivam-Chandra,Shivam-Chandra,1,7,8,8.0,1.0,7.0,7.0,3.287878787878788,2.6839894950312466,5.4929964E-4,6.6822587E-4,5,5.686429937995021E-4,0,6,0.25,0.0025569963527404603
Febin-Benjamin,Febin-Benjamin,1,6,7,7.0,1.0,6.0,6.0,2.812121212121212,53.540406422080494,5.4929964E-4,6.6822587E-4,2,6.125726586549755E-4,0,6,0.23333333,0.01402821370608486
Dev-Panchala,Dev-Panchala,0,2,2,4.0,0.0,4.0,8.0,4.40785498489426,0.0,0.0,3.3411293E-4,4,5.367386671337139E-4,0,35,0.5,0.0
Somi-Leo,Somi-Leo,0,1,1,2.0,0.0,2.0,8.0,4.410876132930514,0.0,0.0,3.3411293E-4,6,5.367386671337139E-4,0,36,0.0,0.0
Banoth-Ramraj,Banoth-Ramraj,8,9,17,22.0,11.0,11.0,7.0,3.5606060606060606,25.609990986642774,0.0024718484,0.0026729035,4,0.0014516521023566033,0,6,0.09558824,0.033184598201950036
Tosin-Damilare-James-Animashaun,Tosin-Damilare-James-Animashaun,2,3,5,5.0,2.0,3.0,6.0,2.9060606060606062,41.78641277790194,8.2394946E-4,0.0010023388,6,8.199900451146843E-4,0,6,0.25,0.017424356106341535
Rui-Soares,Rui-Soares,1,7,8,8.0,1.0,7.0,6.0,2.7349397590361444,263.0501177185388,5.4929964E-4,6.6822587E-4,6,8.113466846121177E-4,0,37,0.26190478,0.0010894476517946338
Kevin-Zhu,Kevin-Zhu,0,1,1,1.0,0.0,1.0,8.0,4.410876132930514,0.0,0.0,3.3411293E-4,6,5.367386671337139E-4,0,38,0.0,0.0
Eric-Hutchins,Eric-Hutchins,2,1,3,4.0,3.0,1.0,8.0,4.409090909090909,0.0,8.2394946E-4,0.0010023388,2,7.269392109230063E-4,0,6,0.5,0.008197461104820603
Andrew-Lemke,Andrew-Lemke,20,6,26,27.0,20.0,7.0,7.0,3.918181818181818,424.7176109534334,0.0057676462,0.0070163715,2,0.007820630915284777,0,6,0.095,0.08748530689514722
Omar-Mh,Omar-Mh,7,13,20,27.0,9.0,18.0,6.0,2.7151515151515153,343.57668138300403,0.0021971986,0.0026729035,5,8.597897110761567E-4,0,6,0.18954249,0.03482763582566614
Charitha-Vellanki,Charitha-Vellanki,1,1,2,2.0,1.0,1.0,8.0,4.409090909090909,0.0,5.4929964E-4,6.6822587E-4,0,5.568870974141247E-4,0,6,0.5,0.005542210770036887
Pravasi-Meet,Pravasi-Meet,1,6,7,9.0,1.0,8.0,7.0,3.5787878787878786,6.5076032046089285,5.4929964E-4,6.6822587E-4,6,5.493927470639844E-4,0,6,0.16666667,0.0025127685140893473
Michael-Weems,Michael-Weems,0,1,1,1.0,0.0,1.0,8.0,4.410876132930514,0.0,0.0,3.3411293E-4,6,5.367386671337139E-4,0,39,0.0,0.0
Sergey-Yegorov,Sergey-Yegorov,8,8,16,16.0,8.0,8.0,7.0,3.4393939393939394,446.68642606495507,0.0024718484,0.0026729035,2,0.0014280508910819978,0,6,0.17582418,0.03030300238044734
Kazeem-Eskizzy,Kazeem-Eskizzy,1,1,2,3.0,1.0,2.0,8.0,4.409090909090909,0.0,5.4929964E-4,6.6822587E-4,6,7.441560535934226E-4,0,6,0.5,0.003396142400256691
Deepak-Gokhale,Deepak-Gokhale,10,10,20,20.0,10.0,10.0,7.0,2.9363636363636365,191.99071185349334,0.003021148,0.0036752422,1,0.0018316963653792072,0,6,0.18947369,0.044846183246811104
David-Nuckles,David-Nuckles,0,2,2,3.0,0.0,3.0,7.0,3.70392749244713,0.0,0.0,3.3411293E-4,6,5.367386671337139E-4,0,40,0.5,0.0
Harsh-Gupta,Harsh-Gupta,1,4,5,5.0,1.0,4.0,7.0,3.0332326283987916,49.463245088245095,5.4929964E-4,6.6822587E-4,1,5.867637777769842E-4,0,19,0.2,9.8177037004936E-4
Yonatan-Oren,Yonatan-Oren,1,4,5,6.0,1.0,5.0,7.0,3.4757575757575756,2.85153351236707,5.4929964E-4,6.6822587E-4,6,5.568870974141247E-4,0,6,0.2,0.005542210770036887
Badrinarayan-Varadarajan,Badrinarayan-Varadarajan,3,8,11,14.0,4.0,10.0,7.0,3.1666666666666665,26.280506998700428,0.0010985993,0.0013364517,6,7.297485377765451E-4,0,6,0.2,0.02120880983229617
Rasha-Khodeir,Rasha-Khodeir,2,1,3,4.0,2.0,2.0,8.0,4.412121212121212,0.0,8.2394946E-4,0.0010023388,6,7.116762530560035E-4,0,6,0.33333334,0.006991792495561274
Sumanpreet-Kaur,Sumanpreet-Kaur,0,4,4,4.0,0.0,4.0,7.0,4.02416918429003,0.0,0.0,3.3411293E-4,4,5.367386671337139E-4,0,41,0.33333334,0.0
Vivek-Nangia,Vivek-Nangia,3,7,10,10.0,3.0,7.0,6.0,3.309090909090909,14.246341966906321,0.0010985993,0.0013364517,6,7.573937145888412E-4,0,6,0.16666667,0.02115302462666375
Kvr-Vignesh-Ram-Krish,Kvr-Vignesh-Ram-Krish,3,8,11,15.0,3.0,12.0,6.0,3.2151515151515153,29.76017305511421,0.0010985993,0.0013364517,6,8.579880954691446E-4,0,6,0.16666667,0.012604914408229572
Dickie-Tsui,Dickie-Tsui,5,6,11,12.0,5.0,7.0,6.0,3.293939393939394,63.70135442511761,0.0016478989,0.0020046777,6,9.214368496361429E-4,0,6,0.1,0.015269811439791284
Skye-Chandler,Skye-Chandler,2,2,4,4.0,2.0,2.0,7.0,4.363636363636363,956.0,8.2394946E-4,0.0010023388,6,0.0014536706961176932,0,6,0.33333334,0.0025346981650105974
Piyush-Garg,Piyush-Garg,1,11,12,12.0,1.0,11.0,6.0,2.528700906344411,255.01613326145286,5.4929964E-4,3.3411293E-4,2,6.88815888546785E-4,0,42,0.18181819,8.500523084579777E-4
Ishita-Mahapatra,Ishita-Mahapatra,0,3,3,4.0,0.0,4.0,7.0,3.821752265861027,0.0,0.0,3.3411293E-4,0,5.367386671337139E-4,0,43,0.5,0.0
Sumit-Gupta,Sumit-Gupta,4,7,11,11.0,4.0,7.0,7.0,3.8484848484848486,508.9774972842294,0.0013732491,0.0016705646,0,9.607976596900027E-4,0,6,0.15454546,0.02174825363534571
Mansoor-Beck,Mansoor-Beck,5,5,10,12.0,5.0,7.0,7.0,3.996969696969697,1.0982432366886148,0.0016478989,0.0020046777,0,6.733407753702059E-4,0,6,0.2777778,0.02576612533912489
Prathik-Meka,Prathik-Meka,0,2,2,2.0,0.0,2.0,8.0,4.40785498489426,0.0,0.0,3.3411293E-4,4,5.367386671337139E-4,0,44,0.5,0.0
Raj-Kumar,Raj-Kumar,4,8,12,13.0,4.0,9.0,7.0,2.987878787878788,94.76067850226323,0.0013732491,0.0016705646,3,8.741296103420783E-4,0,6,0.22222222,0.012275116061619547
Meghana-Trikovala,Meghana-Trikovala,1,1,2,2.0,1.0,1.0,8.0,4.412121212121212,0.0,5.4929964E-4,6.6822587E-4,2,6.041630702093458E-4,0,6,0.5,0.0047248109708442855
Sarmad-Riaz,Sarmad-Riaz,0,3,3,3.0,0.0,3.0,8.0,4.404833836858006,0.0,0.0,3.3411293E-4,0,5.367386671337139E-4,0,45,0.33333334,0.0
Amit-Kumar,Amit-Kumar,6,15,21,28.0,7.0,21.0,6.0,2.7333333333333334,1783.6254668738407,0.0019225487,0.0023387906,3,9.917123599693216E-4,0,6,0.12418301,0.020652260807552968
Adam-Leffert,Adam-Leffert,65,89,154,167.0,78.0,89.0,5.0,1.9575757575757575,30228.649889912474,0.018126888,0.018710325,2,0.007939841028474715,0,6,0.0414578,0.17016652511767746
Suneil-Geddam,Suneil-Geddam,3,7,10,15.0,3.0,12.0,6.0,2.7818181818181817,17.02309985493887,0.0010985993,0.0013364517,2,7.523202218251976E-4,0,6,0.2777778,0.01615369877355958
Anthony-Bello,Anthony-Bello,2,3,5,5.0,2.0,3.0,7.0,4.357575757575757,480.5,8.2394946E-4,0.0010023388,6,0.0014208307186604516,0,6,0.33333334,0.0021085750701681444
Halley-Ongkosanjoyo,Halley-Ongkosanjoyo,3,4,7,7.0,3.0,4.0,6.0,2.787878787878788,25.184130506514073,0.0010985993,0.0013364517,0,6.551515822803305E-4,0,6,0.26190478,0.016454654811409945
Siddartha-Reddy,Siddartha-Reddy,1,10,11,15.0,2.0,13.0,6.0,2.6545454545454548,14.354177285666216,5.4929964E-4,6.6822587E-4,2,5.568870974141247E-4,0,6,0.3181818,0.005542210770036887
Lakshit-Dagar,Lakshit-Dagar,2,2,4,5.0,2.0,3.0,7.0,3.0636363636363635,0.0,8.2394946E-4,0.0010023388,3,5.669078612786673E-4,0,6,0.5833333,0.005836636475208786
Manav-Sethi,Manav-Sethi,1,2,3,3.0,1.0,2.0,8.0,4.406060606060606,0.09090909090909091,5.4929964E-4,6.6822587E-4,4,6.232326699111884E-4,0,6,0.33333334,0.004931111853279484
Kiran-Padala,Kiran-Padala,2,4,6,6.0,2.0,4.0,7.0,3.33030303030303,13.663863913863914,8.2394946E-4,0.0010023388,3,7.054475186367945E-4,0,6,0.36666667,0.01578622876036916
Jesal-Janani,Jesal-Janani,1,2,3,3.0,1.0,2.0,8.0,4.406060606060606,0.02040816326530612,5.4929964E-4,6.6822587E-4,4,5.568870974141247E-4,0,6,0.33333334,0.005542210770036887
Tarun-Nashier,Tarun-Nashier,9,18,27,33.0,10.0,23.0,6.0,2.4545454545454546,2164.30138596387,0.0027464982,0.0033411293,5,0.0010096741578742032,0,6,0.07189543,0.028503455388258755
Jayakumar-AL-M,Jayakumar-AL-M,2,1,3,3.0,2.0,1.0,8.0,4.409090909090909,0.0,8.2394946E-4,0.0010023388,6,7.85373674937824E-4,0,6,0.33333334,0.004661124359017159
Sarwat-Shaheen,Sarwat-Shaheen,2,8,10,10.0,2.0,8.0,6.0,2.6515151515151514,4.886455785593715,8.2394946E-4,0.0010023388,2,7.448790658459215E-4,0,6,0.4107143,0.01972769395928256
Shubham-More,Shubham-More,0,4,4,4.0,0.0,4.0,7.0,3.0362537764350455,0.0,0.0,3.3411293E-4,1,5.367386671337139E-4,0,46,0.33333334,0.0
Pedro-Matias,Pedro-Matias,3,3,6,6.0,3.0,3.0,7.0,3.918181818181818,8.199925074925074,0.0010985993,0.0013364517,2,7.228489170413366E-4,0,6,0.23333333,0.008964130646194161
Rohit-Bhamidipati,Rohit-Bhamidipati,0,3,3,3.0,0.0,3.0,7.0,3.800604229607251,0.0,0.0,3.3411293E-4,1,5.367386671337139E-4,0,47,0.5,0.0
Dhanush-Reddy-Vyata,Dhanush-Reddy-Vyata,14,37,51,58.0,15.0,43.0,6.0,2.2696969696969695,6829.800820183976,0.0041197473,0.005011694,2,0.002118940145299178,0,6,0.08397436,0.07559208193142157
Ally-Yeh,Ally-Yeh,5,3,8,8.0,5.0,3.0,7.0,4.069696969696969,0.7106349206349207,0.0016478989,0.0020046777,2,9.508228657381355E-4,0,6,0.25,0.03318841725104026
Bobby-Kapadia,Bobby-Kapadia,2,10,12,15.0,2.0,13.0,7.0,3.4363636363636365,3.672546852706252,8.2394946E-4,6.6822587E-4,1,5.795056524718643E-4,0,6,0.16666667,0.003407048661198438
Tao-Ling,Tao-Ling,0,1,1,1.0,0.0,1.0,8.0,4.410876132930514,0.0,0.0,3.3411293E-4,6,5.367386671337139E-4,0,48,0.0,0.0
Cecilia-Sells,Cecilia-Sells,3,15,18,20.0,3.0,17.0,5.0,2.8454545454545452,2709.6017254306716,0.0010985993,0.0013364517,0,0.002725777859356584,0,6,0.079166666,0.02310944719960863
Amrit-Raj,Amrit-Raj,0,1,1,1.0,0.0,1.0,8.0,4.410876132930514,0.0,0.0,3.3411293E-4,6,5.367386671337139E-4,0,49,0.0,0.0
Gnana-Shekar,Gnana-Shekar,0,3,3,3.0,0.0,3.0,6.0,2.706948640483384,0.0,0.0,3.3411293E-4,3,5.367386671337139E-4,0,50,0.6666667,0.0
Ester-Charny,Ester-Charny,2,2,4,5.0,2.0,3.0,7.0,3.6265060240963853,1.5,8.2394946E-4,6.6822587E-4,6,6.46124410719654E-4,0,37,0.33333334,0.0018314555324999906
David-Maynard,David-Maynard,15,2,17,17.0,15.0,2.0,8.0,4.412121212121212,4.056385281385282,0.004394397,0.005011694,6,0.0038415156367630795,0,6,0.09191176,0.055872845296148235
Abhishek-Guha,Abhishek-Guha,5,8,13,15.0,7.0,8.0,6.0,3.003030303030303,555.2739677484591,0.0016478989,0.0020046777,2,8.943584544521668E-4,0,6,0.21212122,0.022968086805023727
Yash-Deshpande,Yash-Deshpande,0,2,2,2.0,0.0,2.0,7.0,3.882175226586103,0.0,0.0,3.3411293E-4,1,5.367386671337139E-4,0,51,0.5,0.0
Dean-Laurea,Dean-Laurea,9,18,27,27.0,9.0,18.0,6.0,2.5393939393939395,1913.0079689139734,0.0027464982,0.0033411293,2,0.0016689379075822326,0,6,0.14855072,0.03548801435118693
Harsha-Bandi,Harsha-Bandi,6,5,11,11.0,6.0,5.0,6.0,2.7,38.682780243572395,0.0019225487,0.0023387906,2,9.310690956958263E-4,0,6,0.3,0.024868789163440708
Wongani-Msiska,Wongani-Msiska,0,1,1,2.0,0.0,2.0,8.0,4.410876132930514,0.0,0.0,3.3411293E-4,6,5.367386671337139E-4,0,52,0.0,0.0
Rishi-Kumar,Rishi-Kumar,1,4,5,5.0,1.0,4.0,7.0,3.4757575757575756,0.07692307692307693,5.4929964E-4,6.6822587E-4,2,5.686429937995021E-4,0,6,0.4,0.0025569963527404603
Roshaan-Lal-Adchitre,Roshaan-Lal-Adchitre,0,3,3,4.0,0.0,4.0,7.0,4.2507552870090635,0.0,0.0,3.3411293E-4,6,5.367386671337139E-4,0,53,0.33333334,0.0
Arun-Pandari,Arun-Pandari,5,14,19,23.0,6.0,17.0,7.0,3.2545454545454544,60.22356480950873,0.0016478989,0.0020046777,1,0.001247695479809455,0,6,0.12418301,0.028400389041589574
Angeliki-Kapoglou,Angeliki-Kapoglou,1,1,2,2.0,1.0,1.0,8.0,4.410876132930514,0.0,5.4929964E-4,3.3411293E-4,0,5.476013258060761E-4,0,54,0.5,8.500523084579777E-4
Raghav-Kuppan,Raghav-Kuppan,11,7,18,20.0,12.0,8.0,6.0,2.8636363636363638,602.3783283409537,0.0032957979,0.0040093553,6,0.0014073632258593501,0,6,0.12857144,0.04785106420300722
Andrew-Wender-Cohen,Andrew-Wender-Cohen,6,10,16,17.0,6.0,11.0,6.0,2.8727272727272726,740.3387633270288,0.0019225487,0.0023387906,6,0.001552500672738932,0,6,0.09615385,0.022318920610107724
Greg-Kemnitz,Greg-Kemnitz,10,20,30,30.0,10.0,20.0,6.0,2.8424242424242423,2767.116796088387,0.003021148,0.0036752422,6,0.004878063433884658,0,6,0.04710145,0.03705339589405302
Anrew-Rector,Anrew-Rector,1,5,6,7.0,1.0,6.0,6.0,2.7333333333333334,486.8670958728777,5.4929964E-4,6.6822587E-4,6,5.493927470639844E-4,0,6,0.16666667,0.0025127685140893473
Kevin-Joshi,Kevin-Joshi,2,8,10,10.0,2.0,8.0,6.0,2.827272727272727,23.479289475667425,8.2394946E-4,0.0010023388,5,6.130471353133836E-4,0,6,0.15277778,0.005810558162041827
Roshna-Nazir,Roshna-Nazir,61,36,97,118.0,76.0,42.0,6.0,2.106060606060606,34014.64773080649,0.017028289,0.01703976,3,0.009044792840490578,0,6,0.05012029,0.16897697975926723
Fan-Zhang,Fan-Zhang,1,1,2,2.0,1.0,1.0,8.0,4.409090909090909,0.0,5.4929964E-4,6.6822587E-4,6,5.547687738186581E-4,0,6,0.5,0.002809156870638337
Satya-Prakash-Polavarapu,Satya-Prakash-Polavarapu,2,2,4,4.0,2.0,2.0,8.0,4.318181818181818,0.6111111111111112,8.2394946E-4,6.6822587E-4,0,6.649427281182603E-4,0,6,0.33333334,0.0018803890083319346
Sachidanand-Pathak,Sachidanand-Pathak,2,10,12,12.0,2.0,10.0,7.0,3.2393939393939393,32.452704499519506,8.2394946E-4,0.0010023388,0,8.231355869815651E-4,0,6,0.12878788,0.004586043377196398
Samanth-Chilukuri,Samanth-Chilukuri,7,3,10,11.0,8.0,3.0,7.0,3.742424242424242,281.53348707623735,0.0021971986,0.0026729035,0,0.001728787750284527,0,6,0.19444445,0.032329484646157994
Syed-Waqar-Hussain,Syed-Waqar-Hussain,10,22,32,33.0,11.0,22.0,5.0,2.506060606060606,1451.132239159454,0.003021148,0.0036752422,2,0.0011239431398884822,0,6,0.11945813,0.031207371996551835
Aayush-Shah,Aayush-Shah,0,5,5,5.0,0.0,5.0,6.0,2.8519637462235647,0.0,0.0,3.3411293E-4,1,5.367386671337139E-4,0,55,0.4,0.0
Stella-Ola,Stella-Ola,4,70,74,74.0,4.0,70.0,5.0,2.187878787878788,7685.856390724036,0.0013732491,0.0016705646,6,0.0010420906583291658,0,6,0.03188406,0.02647521384933341
Arjun-Bhatt,Arjun-Bhatt,0,1,1,1.0,0.0,1.0,8.0,4.410876132930514,0.0,0.0,3.3411293E-4,6,5.367386671337139E-4,0,56,0.0,0.0
Vishva-Thejeshwar,Vishva-Thejeshwar,0,4,4,4.0,0.0,4.0,7.0,3.3716012084592144,0.0,0.0,3.3411293E-4,1,5.367386671337139E-4,0,57,0.33333334,0.0
Shivam-Chaudhary,Shivam-Chaudhary,0,4,4,4.0,0.0,4.0,7.0,3.0060422960725077,0.0,0.0,3.3411293E-4,3,5.367386671337139E-4,0,58,0.25,0.0
Swapnam-Bajpai,Swapnam-Bajpai,9,13,22,25.0,10.0,15.0,7.0,3.3181818181818183,430.72277481897476,0.0027464982,0.0033411293,0,0.0012513645227173187,0,6,0.10263158,0.045354222723005926
Matthew-Hyndman,Matthew-Hyndman,18,5,23,25.0,19.0,6.0,7.0,3.687878787878788,2062.048804102729,0.0052183466,0.00567992,2,0.00962558240124102,0,6,0.07380953,0.13899313528034715
Liam-Donovan,Liam-Donovan,1,1,2,2.0,1.0,1.0,8.0,4.406060606060606,0.0,5.4929964E-4,6.6822587E-4,3,5.653636198463658E-4,0,6,0.5,0.002854725404098736
Christian-Onuoha,Christian-Onuoha,21,112,133,170.0,22.0,148.0,5.0,2.0272727272727273,19195.7635250152,0.006042296,0.00567992,0,0.002654799100968517,0,6,0.024774194,0.06120006860943544
Richard-Shipe,Richard-Shipe,3,4,7,8.0,3.0,5.0,6.0,2.8515151515151516,8.811941765723498,0.0010985993,0.0013364517,2,7.623941800606045E-4,0,6,0.3,0.023051561920402003
Pankaj-Kumar,Pankaj-Kumar,3,6,9,9.0,3.0,6.0,7.0,3.175757575757576,130.2336069271816,0.0010985993,0.0010023388,1,8.035491896988135E-4,0,6,0.16666667,0.012470312686678498
Alex-Lightman,Alex-Lightman,14,3,17,19.0,16.0,3.0,5.0,3.306060606060606,345.1084225972191,0.0041197473,0.004343468,2,0.0016531821618991477,0,6,0.12916666,0.043082676296939466
Beni-Madhab,Beni-Madhab,1,6,7,8.0,1.0,7.0,6.0,2.9212121212121214,1.8357637533297573,5.4929964E-4,6.6822587E-4,1,5.568870974141247E-4,0,6,0.2,0.005542210770036887
Nazmul-Sarker,Nazmul-Sarker,0,3,3,3.0,0.0,3.0,7.0,4.02416918429003,0.0,0.0,3.3411293E-4,0,5.367386671337139E-4,0,59,0.5,0.0
Shivangi-Goel,Shivangi-Goel,1,2,3,3.0,1.0,2.0,8.0,4.409090909090909,0.14285714285714285,5.4929964E-4,6.6822587E-4,0,6.911719498924458E-4,0,6,0.33333334,0.0021926842891692214
Joey-Chow,Joey-Chow,0,2,2,2.0,0.0,2.0,8.0,4.40785498489426,0.0,0.0,3.3411293E-4,0,5.367386671337139E-4,0,60,0.5,0.0
Aditya-Dua,Aditya-Dua,0,1,1,1.0,0.0,1.0,8.0,4.410876132930514,0.0,0.0,3.3411293E-4,6,5.367386671337139E-4,0,61,0.0,0.0
Rohan-Nagaraj,Rohan-Nagaraj,12,6,18,21.0,15.0,6.0,7.0,3.4393939393939394,107.79120707855328,0.0035704477,0.004343468,0,0.00154110680625959,0,6,0.1764706,0.05580133369482717
Snehil-Srivastava,Snehil-Srivastava,1,1,2,2.0,1.0,1.0,8.0,4.406060606060606,0.0,5.4929964E-4,6.6822587E-4,6,6.55078483268155E-4,0,6,0.5,0.0012167597770316098
Alp-Arslan,Alp-Arslan,0,2,2,2.0,0.0,2.0,8.0,4.40785498489426,0.0,0.0,3.3411293E-4,1,5.367386671337139E-4,0,62,0.5,0.0
Mhmd-Amayra,Mhmd-Amayra,0,1,1,2.0,0.0,2.0,8.0,4.410876132930514,0.0,0.0,3.3411293E-4,6,5.367386671337139E-4,0,63,0.0,0.0
Avichal-Bettoli,Avichal-Bettoli,2,6,8,10.0,2.0,8.0,8.0,4.390909090909091,0.3220660343552259,8.2394946E-4,0.0010023388,1,5.695411773443952E-4,0,6,0.16071428,0.00805497928412624
Prabha-Gaikwad,Prabha-Gaikwad,13,8,21,26.0,15.0,11.0,6.0,2.8484848484848486,1914.209917777917,0.0038450975,0.0040093553,0,0.003666026414654832,0,6,0.11988304,0.06704381450434044
Raghavendra-Rao,Raghavendra-Rao,0,3,3,3.0,0.0,3.0,7.0,4.027190332326284,0.0,0.0,3.3411293E-4,0,5.367386671337139E-4,0,64,0.5,0.0
Chinmay-Shah,Chinmay-Shah,1,1,2,2.0,1.0,1.0,8.0,4.406060606060606,0.0,5.4929964E-4,6.6822587E-4,6,6.301363662511831E-4,0,6,0.5,0.0010432057189123309
Anjaneya-Srujan,Anjaneya-Srujan,6,6,12,13.0,6.0,7.0,8.0,4.172727272727273,503.5708680138723,0.0019225487,0.0023387906,0,0.001088737088092207,0,6,0.17272727,0.03809133848848103
Sainath-Batthala,Sainath-Batthala,3,39,42,42.0,3.0,39.0,5.0,2.3515151515151516,2222.820934952976,0.0010985993,0.0013364517,0,7.0893146560329E-4,0,6,0.07557355,0.022704541085801964
Samarth-Srivastava,Samarth-Srivastava,1,1,2,2.0,1.0,1.0,8.0,4.409090909090909,0.0,5.4929964E-4,6.6822587E-4,0,5.568870974141247E-4,0,6,0.5,0.005542210770036887
Nikhil-Daftary,Nikhil-Daftary,2,1,3,4.0,3.0,1.0,8.0,4.409090909090909,0.0,8.2394946E-4,0.0010023388,5,6.632388582843415E-4,0,6,0.33333334,0.006174121153270298
Bunchhieng-Soth,Bunchhieng-Soth,3,1,4,5.0,4.0,1.0,8.0,4.409090909090909,0.0,0.0010985993,0.0013364517,6,7.818195980885163E-4,0,6,0.25,0.012262221131413006
Salman-Sourav,Salman-Sourav,2,2,4,5.0,3.0,2.0,8.0,4.406060606060606,0.14052287581699346,8.2394946E-4,6.6822587E-4,0,5.677497560864869E-4,0,6,0.33333334,0.006392263078494865
Rahul-Jain,Rahul-Jain,1,3,4,4.0,1.0,3.0,6.0,3.2658610271903323,19.108441558441555,5.4929964E-4,3.3411293E-4,6,6.88815888546785E-4,0,65,0.25,8.500523084579777E-4
Abhik-Singla,Abhik-Singla,0,1,1,1.0,0.0,1.0,8.0,4.410876132930514,0.0,0.0,3.3411293E-4,6,5.367386671337139E-4,0,66,0.0,0.0
Pranav-Singh,Pranav-Singh,0,1,1,1.0,0.0,1.0,8.0,4.410876132930514,0.0,0.0,3.3411293E-4,6,5.367386671337139E-4,0,67,0.0,0.0
Scott-Welch,Scott-Welch,21,10,31,31.0,21.0,10.0,6.0,2.778787878787879,2432.067286381083,0.006042296,0.0070163715,6,0.0038216363824927916,0,6,0.1268473,0.07699196976377008
Marcus-Ford,Marcus-Ford,18,2,20,22.0,20.0,2.0,8.0,4.409090909090909,5.760256410256411,0.0052183466,0.005345807,1,0.0021292465498050825,0,6,0.09736842,0.06785275064442386
Yuwen-Xiong,Yuwen-Xiong,0,2,2,2.0,0.0,2.0,8.0,3.694864048338369,0.0,0.0,3.3411293E-4,6,5.367386671337139E-4,0,68,0.5,0.0
Harshit-Yadav,Harshit-Yadav,1,12,13,17.0,1.0,16.0,6.0,3.0180722891566263,13.182539682539684,5.4929964E-4,3.3411293E-4,0,5.476013258060761E-4,0,70,0.115384616,8.500523084579777E-4
David-Kahana,David-Kahana,15,18,33,35.0,17.0,18.0,6.0,2.8363636363636364,4887.812985339331,0.004394397,0.005345807,2,0.005356087657146631,0,6,0.13227513,0.10164608273586777
Harshit-Agarwal,Harshit-Agarwal,1,10,11,11.0,1.0,10.0,6.0,3.228486646884273,11.990734129307985,5.4929964E-4,6.6822587E-4,2,5.885230490837681E-4,0,20,0.2,0.00109792815334685
John-Gentry,John-Gentry,2,43,45,45.0,2.0,43.0,5.0,2.3878787878787877,278.09056469569805,8.2394946E-4,0.0010023388,6,6.330974740820283E-4,0,6,0.07585825,0.008676327379717106
Ben-Younan,Ben-Younan,0,42,42,42.0,0.0,42.0,6.0,2.397626112759644,0.0,0.0,3.3411293E-4,0,5.367386671337139E-4,0,72,0.05110337,0.0
Rajesh-Nayar,Rajesh-Nayar,0,2,2,2.0,0.0,2.0,7.0,3.7462235649546827,0.0,0.0,3.3411293E-4,0,5.367386671337139E-4,0,73,0.5,0.0
Shubham-Thakur,Shubham-Thakur,0,2,2,2.0,0.0,2.0,8.0,4.40785498489426,0.0,0.0,3.3411293E-4,4,5.367386671337139E-4,0,74,0.5,0.0
Ayush-Srivastava,Ayush-Srivastava,1,4,5,5.0,1.0,4.0,6.0,2.466666666666667,46.33517751545535,5.4929964E-4,6.6822587E-4,3,5.547687738186581E-4,0,6,0.5,0.002809156870638337
Usama-Naeem,Usama-Naeem,9,5,14,16.0,9.0,7.0,6.0,2.878787878787879,309.6827073245745,0.0027464982,0.0033411293,6,0.0011014881308683225,0,6,0.14102565,0.053439557384285706
Baruch-Yochai,Baruch-Yochai,3,3,6,6.0,3.0,3.0,7.0,3.742424242424242,7.666666666666666,0.0010985993,0.0013364517,6,6.502362031500692E-4,0,6,0.4,0.022894292437241188
Omkar-Joshi,Omkar-Joshi,9,63,72,72.0,9.0,63.0,6.0,2.403030303030303,3778.810519304553,0.0027464982,0.0033411293,6,0.001298170379143777,0,6,0.03665814,0.035655370110459994
Rohith-Narasimhamurthy,Rohith-Narasimhamurthy,6,4,10,11.0,6.0,5.0,8.0,4.403030303030303,1.5860398915824565,0.0019225487,0.0023387906,0,8.121015019054204E-4,0,6,0.12222222,0.020506917572728472
Charles-Tips,Charles-Tips,11,32,43,44.0,12.0,32.0,5.0,2.484848484848485,12248.894134885324,0.0032957979,0.0040093553,2,0.004981848874659196,0,6,0.083333336,0.07939233651548393
Shobhit-Meher,Shobhit-Meher,2,7,9,9.0,2.0,7.0,6.0,3.1303030303030304,37.5562379939952,8.2394946E-4,0.0010023388,2,6.860282107164128E-4,0,6,0.2857143,0.011203094283060704
Natalia-Nezvanova,Natalia-Nezvanova,6,2,8,8.0,6.0,2.0,8.0,4.406060606060606,3.0,0.0019225487,0.0020046777,4,0.0012078679409593656,0,6,0.16071428,0.018402892468089453
Harvey-Cameron,Harvey-Cameron,3,15,18,18.0,3.0,15.0,6.0,3.184848484848485,183.7042157388304,0.0010985993,0.0013364517,0,6.73997732484275E-4,0,6,0.0882353,0.008191928968678793
Li-Gangsen,Li-Gangsen,5,14,19,23.0,5.0,18.0,7.0,3.393939393939394,19.52461024187246,0.0016478989,0.0020046777,0,6.34926568456757E-4,0,6,0.1374269,0.015678734189037636
Santhosh-Selvam,Santhosh-Selvam,0,4,4,4.0,0.0,4.0,7.0,3.4924471299093653,0.0,0.0,3.3411293E-4,4,5.367386671337139E-4,0,75,0.33333334,0.0
Ernest-Ellar,Ernest-Ellar,6,4,10,11.0,6.0,5.0,8.0,4.4,13.837500505048043,0.0019225487,0.0023387906,1,0.0015841739971318972,0,6,0.13333334,0.03610325564419857
Rajkumar-Mundel,Rajkumar-Mundel,7,62,69,69.0,7.0,62.0,5.0,2.4424242424242424,7502.00141551147,0.0021971986,0.0023387906,6,0.0013151062413326914,0,6,0.022614202,0.028181605580432423
Matt-Pickering,Matt-Pickering,1,4,5,5.0,1.0,4.0,7.0,3.2151515151515153,0.7465387354829793,5.4929964E-4,6.6822587E-4,6,5.844221826007315E-4,0,6,0.25,0.0029558327579430883
Chad-Tsau,Chad-Tsau,1,1,2,3.0,1.0,2.0,8.0,4.410876132930514,0.0,5.4929964E-4,3.3411293E-4,6,5.476013258060761E-4,0,71,0.5,8.500523084579777E-4
Karthik-Patel,Karthik-Patel,0,1,1,1.0,0.0,1.0,8.0,4.410876132930514,0.0,0.0,3.3411293E-4,6,5.367386671337139E-4,0,76,0.0,0.0
Terry-Drinkwater,Terry-Drinkwater,13,4,17,17.0,13.0,4.0,7.0,4.069696969696969,40.98506776591142,0.0038450975,0.0040093553,2,0.005688920338177002,0,6,0.14166667,0.055729170207170074
Tim-Egan,Tim-Egan,2,1,3,3.0,2.0,1.0,8.0,4.412121212121212,0.0,8.2394946E-4,0.0010023388,3,6.327880229219979E-4,0,6,0.33333334,0.007579536374943025
Piyush-Ahuja,Piyush-Ahuja,3,2,5,5.0,3.0,2.0,8.0,4.406060606060606,0.24545454545454548,0.0010985993,0.0013364517,3,7.183071820957845E-4,0,6,0.25,0.006470105874511319
Tushar-Nimbhorkar,Tushar-Nimbhorkar,1,5,6,6.0,1.0,5.0,8.0,4.375757575757576,31.176732615051215,5.4929964E-4,6.6822587E-4,6,5.568870974141247E-4,0,6,0.23333333,0.005542210770036887
Gokul-Keerthivasan,Gokul-Keerthivasan,1,6,7,7.0,1.0,6.0,8.0,4.372727272727273,0.06478578892371996,5.4929964E-4,6.6822587E-4,0,5.568870974141247E-4,0,6,0.35714287,0.005542210770036887
Vikas-Zingade,Vikas-Zingade,2,1,3,3.0,2.0,1.0,8.0,4.406060606060606,0.0,8.2394946E-4,6.6822587E-4,5,5.795056524718643E-4,0,6,0.33333334,0.003407048661198438
Harshita-Prabha,Harshita-Prabha,5,3,8,8.0,5.0,3.0,7.0,3.8545454545454545,2.4421995406357797,0.0016478989,0.0016705646,6,6.159490569163845E-4,0,6,0.14285715,0.015038056424341974
Satyanand-Gupta,Satyanand-Gupta,10,9,19,22.0,10.0,12.0,7.0,3.5393939393939395,20.706201383965396,0.003021148,0.0036752422,0,0.0010224933576891073,0,6,0.114035085,0.04192000601225673
Tangni-Chen,Tangni-Chen,4,13,17,20.0,5.0,15.0,6.0,2.7181818181818183,198.80164180750714,0.0013732491,0.0016705646,6,7.392985564834064E-4,0,6,0.11904762,0.029335941773818507
Ishan-Jain,Ishan-Jain,0,6,6,6.0,0.0,6.0,6.0,2.894259818731118,0.0,0.0,3.3411293E-4,1,5.367386671337139E-4,0,77,0.26666668,0.0
Todd-Allen,Todd-Allen,3,5,8,8.0,3.0,5.0,7.0,3.503030303030303,148.2936457383638,0.0010985993,0.0013364517,0,7.287445387985311E-4,0,6,0.25,0.005861830415354686
Devashish-Singh,Devashish-Singh,2,3,5,5.0,2.0,3.0,7.0,4.027272727272727,0.45125332184155714,8.2394946E-4,0.0010023388,2,8.653194444921112E-4,0,6,0.35,0.010543241320010813
Prachi-Kothari,Prachi-Kothari,0,1,1,1.0,0.0,1.0,8.0,4.410876132930514,0.0,0.0,3.3411293E-4,6,5.367386671337139E-4,0,78,0.0,0.0
Chrys-Jordan,Chrys-Jordan,10,40,50,55.0,10.0,45.0,5.0,2.466666666666667,9758.055080983868,0.003021148,0.0036752422,2,0.003173050201304959,0,6,0.08737374,0.062049473012542655
Yogesh-Murthy,Yogesh-Murthy,0,2,2,2.0,0.0,2.0,7.0,3.0634441087613293,0.0,0.0,3.3411293E-4,3,5.367386671337139E-4,0,79,0.5,0.0
Josh-Manson,Josh-Manson,25,28,53,53.0,25.0,28.0,6.0,2.6515151515151514,8459.922895408215,0.0071408954,0.0066822586,1,0.005157428846002535,0,6,0.0503876,0.09878668035979525
Carrie-Cutler,Carrie-Cutler,7,14,21,23.0,7.0,16.0,5.0,2.824242424242424,1682.6905676498359,0.0021971986,0.0026729035,2,0.0012467236992963749,0,6,0.14052288,0.040638471069028674
Eric-Bowersox,Eric-Bowersox,31,32,63,67.0,31.0,36.0,7.0,2.775757575757576,5405.374165280672,0.008788794,0.009689275,6,0.003541114633990931,0,6,0.038084466,0.10528049789987262
Rizwan-Aseem,Rizwan-Aseem,17,20,37,44.0,17.0,27.0,6.0,2.6272727272727274,3652.7017104528372,0.004943697,0.005011694,1,0.0020350911691168865,0,6,0.07460318,0.05648612333758058
Alagamai-Manickam,Alagamai-Manickam,4,3,7,8.0,4.0,4.0,8.0,4.393939393939394,0.0,0.0013732491,0.0016705646,0,8.16590648734127E-4,0,6,0.43333334,0.01024918126372278
Marcia-Groeneveld,Marcia-Groeneveld,0,4,4,5.0,0.0,5.0,8.0,4.1782477341389725,0.0,0.0,3.3411293E-4,6,5.367386671337139E-4,0,80,0.25,0.0
Usman-Qazi,Usman-Qazi,8,18,26,30.0,8.0,22.0,5.0,2.6454545454545455,4992.290793912488,0.0024718484,0.0026729035,2,0.0033350505315417438,0,6,0.123809524,0.044502297834774045
Anupriya-Kavitapu,Anupriya-Kavitapu,5,5,10,10.0,5.0,5.0,8.0,4.1878787878787875,4.084796146406053,0.0016478989,0.0020046777,6,9.888200338703953E-4,0,6,0.12222222,0.029121456345748864
Parijat-Prakash,Parijat-Prakash,4,3,7,8.0,4.0,4.0,7.0,3.4060606060606062,2.072135266410992,0.0013732491,0.0016705646,6,7.722162148836283E-4,0,6,0.2857143,0.016551166596991643
Arihant-Jain,Arihant-Jain,0,10,10,10.0,0.0,10.0,6.0,3.0513595166163143,0.0,0.0,3.3411293E-4,2,5.367386671337139E-4,0,81,0.21111111,0.0
Raja-Venkata-Krishna,Raja-Venkata-Krishna,1,3,4,5.0,1.0,4.0,7.0,3.484848484848485,63.03044113357704,5.4929964E-4,6.6822587E-4,6,5.547687738186581E-4,0,6,0.25,0.002809156870638337
Shresth-Mehta,Shresth-Mehta,2,4,6,7.0,3.0,4.0,8.0,4.3969696969696965,0.32235123934631327,8.2394946E-4,0.0010023388,0,5.695411773443952E-4,0,6,0.23333333,0.00805497928412624
Petar-Micic,Petar-Micic,2,4,6,7.0,2.0,5.0,7.0,3.481818181818182,15.487665075309412,8.2394946E-4,0.0010023388,6,9.258399199574951E-4,0,6,0.35,0.013154484411679062
Todd-Akira-Morikawa,Todd-Akira-Morikawa,9,35,44,45.0,10.0,35.0,5.0,2.5939393939393938,3070.1876251679673,0.0027464982,0.0023387906,5,0.0013136726819233423,0,6,0.04871795,0.02148069438787611
Sajal-Arora,Sajal-Arora,2,7,9,9.0,2.0,7.0,7.0,3.4363636363636365,21.370548425847005,8.2394946E-4,0.0010023388,2,6.982258890144463E-4,0,6,0.22222222,0.01306499760115989
Shreyans-Doshi,Shreyans-Doshi,0,5,5,5.0,0.0,5.0,6.0,2.5861027190332324,0.0,0.0,3.3411293E-4,6,5.367386671337139E-4,0,82,0.25,0.0
Kaushlendra-Rajput,Kaushlendra-Rajput,1,2,3,4.0,1.0,3.0,7.0,3.5242424242424244,9.079278402495722,5.4929964E-4,6.6822587E-4,6,5.568870974141247E-4,0,6,0.33333334,0.005542210770036887
Evan-Putra-Limanto,Evan-Putra-Limanto,2,1,3,3.0,2.0,1.0,8.0,4.409090909090909,0.0,8.2394946E-4,6.6822587E-4,0,7.01856146009513E-4,0,6,0.33333334,0.0040956477748776005
Mathew-Kellogg,Mathew-Kellogg,2,1,3,3.0,2.0,1.0,8.0,4.412121212121212,0.0,8.2394946E-4,6.6822587E-4,6,7.292851921701486E-4,0,6,0.33333334,0.010608394319880352
Avaneesh-Rastogi,Avaneesh-Rastogi,8,5,13,14.0,8.0,6.0,8.0,4.393939393939394,3.843028625878029,0.0024718484,0.0030070164,6,0.0010310139433132195,0,6,0.19871795,0.04521254250702442
Anubhav-Anand,Anubhav-Anand,0,2,2,2.0,0.0,2.0,6.0,2.9486404833836857,0.0,0.0,3.3411293E-4,0,5.367386671337139E-4,0,83,0.5,0.0
Soumya-Ranjan,Soumya-Ranjan,2,2,4,4.0,2.0,2.0,8.0,4.409090909090909,0.0,8.2394946E-4,0.0010023388,6,9.648574320494418E-4,0,6,0.5,0.004009079231347465
Sunil-Singh,Sunil-Singh,3,1,4,4.0,3.0,1.0,8.0,4.409090909090909,0.0,0.0010985993,0.0013364517,6,7.464390313194556E-4,0,6,0.25,0.005557197295595955
Shlok-Mishra,Shlok-Mishra,3,8,11,12.0,3.0,9.0,6.0,2.8484848484848486,14.83280570126822,0.0010985993,0.0013364517,2,6.92651141660878E-4,0,6,0.2,0.021265793191018498
Nemichandra-Hombannavar,Nemichandra-Hombannavar,1,2,3,3.0,1.0,2.0,8.0,4.406060606060606,0.125,5.4929964E-4,6.6822587E-4,2,6.125726586549755E-4,0,6,0.5,0.01402821370608486
Vishakha-Sharma,Vishakha-Sharma,1,2,3,3.0,1.0,2.0,8.0,4.406060606060606,0.14285714285714285,5.4929964E-4,6.6822587E-4,6,5.699959822670801E-4,0,6,0.33333334,0.0023000801450092814
Sharath-Babu-S,Sharath-Babu-S,1,4,5,5.0,1.0,4.0,7.0,3.596969696969697,480.4375,5.4929964E-4,6.6822587E-4,1,6.140265125274808E-4,0,6,0.25,0.0011709883927524926
Ramakrihnan-Tamilvanan,Ramakrihnan-Tamilvanan,9,4,13,15.0,10.0,5.0,7.0,3.8,10.270083156551163,0.0027464982,0.0030070164,0,8.541427633786314E-4,0,6,0.15384616,0.022599807272144296
Sangita-Gupta,Sangita-Gupta,0,2,2,2.0,0.0,2.0,7.0,3.7462235649546827,0.0,0.0,3.3411293E-4,0,5.367386671337139E-4,0,84,0.5,0.0
Brenda-Light,Brenda-Light,6,2,8,8.0,6.0,2.0,8.0,4.406060606060606,1.0023268398268397,0.0019225487,0.0016705646,0,8.748369506544028E-4,0,6,0.14285715,0.01657115732310655
Robin-Thuran-Malhotra,Robin-Thuran-Malhotra,5,1,6,6.0,5.0,1.0,8.0,4.409090909090909,0.0,0.0016478989,0.0016705646,0,0.0014378201241241322,0,6,0.2,0.020743661202150605
Ioannis-Atsonios,Ioannis-Atsonios,2,1,3,3.0,2.0,1.0,8.0,4.409090909090909,0.0,8.2394946E-4,6.6822587E-4,6,5.656314324910204E-4,0,6,0.33333334,0.003659209179096318
Daksh-Shah,Daksh-Shah,2,4,6,8.0,2.0,6.0,6.0,3.306060606060606,30.578018323185766,8.2394946E-4,0.0010023388,6,5.694017461570443E-4,0,6,0.16666667,0.0069675414374180825
Suhith-Rajesh,Suhith-Rajesh,4,6,10,11.0,4.0,7.0,7.0,3.463636363636364,10.362522923942787,0.0013732491,0.0016705646,6,6.049469670566715E-4,0,6,0.12222222,0.013100566269175837
Karan-Shah,Karan-Shah,0,8,8,8.0,0.0,8.0,6.0,2.688821752265861,0.0,0.0,3.3411293E-4,2,5.367386671337139E-4,0,85,0.32142857,0.0
Ankur-Sao,Ankur-Sao,0,6,6,6.0,0.0,6.0,7.0,3.539156626506024,0.0,0.0,3.3411293E-4,6,5.367386671337139E-4,0,87,0.2,0.0
Anudeep-Bikku,Anudeep-Bikku,1,2,3,4.0,1.0,3.0,8.0,4.1909090909090905,0.05,5.4929964E-4,6.6822587E-4,6,5.568870974141247E-4,0,6,0.33333334,0.005542210770036887
Himaja-Vadaga,Himaja-Vadaga,0,3,3,4.0,0.0,4.0,7.0,3.4156626506024095,0.0,0.0,3.3411293E-4,6,5.367386671337139E-4,0,88,0.33333334,0.0
Sriniketh-Kovin,Sriniketh-Kovin,10,9,19,24.0,12.0,12.0,7.0,3.196969696969697,267.1112913477461,0.003021148,0.0036752422,6,0.0010551840920623506,0,6,0.14761905,0.043899301559516865
Sumit-Singh,Sumit-Singh,0,3,3,5.0,0.0,5.0,7.0,3.0513595166163143,0.0,0.0,3.3411293E-4,4,5.367386671337139E-4,0,89,0.33333334,0.0
Shubham-Tandon,Shubham-Tandon,0,2,2,2.0,0.0,2.0,7.0,4.19939577039275,0.0,0.0,3.3411293E-4,1,5.367386671337139E-4,0,90,0.5,0.0
Elynn-Lee,Elynn-Lee,23,5,28,30.0,24.0,6.0,8.0,4.242424242424242,186.1539905816385,0.0065915957,0.0073504844,1,0.004224028941169013,0,6,0.09259259,0.09681101019583153
Rohan-J-Pota,Rohan-J-Pota,2,4,6,6.0,2.0,4.0,8.0,4.390909090909091,4.6926085165916485,8.2394946E-4,0.0010023388,6,6.49440626726211E-4,0,6,0.23333333,0.00402591664766995
Sankaranarayanan-Lakshminarayanan,Sankaranarayanan-Lakshminarayanan,2,5,7,8.0,2.0,6.0,7.0,3.0303030303030303,1.1891233766233766,8.2394946E-4,0.0010023388,3,6.655482248466547E-4,0,6,0.45238096,0.015206134887811517
Kshitij-Purwar,Kshitij-Purwar,6,2,8,9.0,6.0,3.0,8.0,4.409090909090909,0.5074603174603175,0.0019225487,0.0020046777,4,8.762441054250323E-4,0,6,0.16071428,0.01844376809000254
Shubham-Govardhan,Shubham-Govardhan,0,3,3,3.0,0.0,3.0,8.0,4.401812688821752,0.0,0.0,3.3411293E-4,2,5.367386671337139E-4,0,91,0.5,0.0
Ashish-Nerkar,Ashish-Nerkar,3,2,5,7.0,4.0,3.0,8.0,4.409090909090909,0.24522373051784818,0.0010985993,0.0013364517,0,7.566010704631414E-4,0,6,0.2,0.018109709652097582
Srihari-Radhakrishnan,Srihari-Radhakrishnan,8,5,13,13.0,8.0,5.0,6.0,3.8454545454545452,44.959720403262665,0.0024718484,0.0030070164,2,0.0013380543246688677,0,6,0.16666667,0.03670455161173015
Anant-Simran-Singh,Anant-Simran-Singh,8,6,14,15.0,8.0,7.0,6.0,3.4272727272727272,215.71132905449107,0.0024718484,0.0030070164,6,0.0014721556350900326,0,6,0.11363637,0.04464663469046079
Jahnavi-Srivastava,Jahnavi-Srivastava,2,4,6,7.0,2.0,5.0,6.0,3.360606060606061,57.16191569467116,8.2394946E-4,0.0010023388,6,8.064890385777747E-4,0,6,0.26666668,0.016172849051481746
Jayaditya-Sirasani,Jayaditya-Sirasani,1,11,12,14.0,1.0,13.0,6.0,3.16969696969697,21.229700942332524,5.4929964E-4,6.6822587E-4,2,6.317721077638351E-4,0,6,0.121212125,0.0023340463394697954
Aditya-Chouksey,Aditya-Chouksey,2,3,5,6.0,3.0,3.0,7.0,3.0545454545454547,150.60521365889005,8.2394946E-4,0.0010023388,0,7.401675309608322E-4,0,6,0.25,0.008311203187938158
Kasi-Meyyappan,Kasi-Meyyappan,6,6,12,12.0,6.0,6.0,7.0,3.803030303030303,160.04064213987596,0.0019225487,0.0023387906,0,0.0010066803105703058,0,6,0.19090909,0.01426989646257471
Rammurthy-Mudimadugula,Rammurthy-Mudimadugula,0,6,6,6.0,0.0,6.0,7.0,3.595166163141994,0.0,0.0,3.3411293E-4,0,5.367386671337139E-4,0,92,0.33333334,0.0
Manmohit-Rekhi,Manmohit-Rekhi,7,8,15,16.0,7.0,9.0,7.0,3.533333333333333,39.58869572578194,0.0021971986,0.0026729035,6,0.0011245981712011395,0,6,0.15934066,0.031155073884235374
Prakash-Kamalakannan,Prakash-Kamalakannan,4,3,7,7.0,4.0,3.0,8.0,4.4,0.6896995834066773,0.0013732491,0.0016705646,6,6.664402021681496E-4,0,6,0.16666667,0.014752356088979431
Mohan-Kumar,Mohan-Kumar,1,7,8,9.0,1.0,8.0,7.0,2.9757575757575756,984.3077098484007,5.4929964E-4,6.6822587E-4,1,6.364801169606179E-4,0,6,0.16666667,0.004953353855996734
Koushik-Kumar-Vankadari,Koushik-Kumar-Vankadari,7,5,12,12.0,7.0,5.0,6.0,2.827272727272727,263.6538309857351,0.0021971986,0.0026729035,6,9.004665275546049E-4,0,6,0.14545454,0.031185888203819102
Shankar-Manickavasagam,Shankar-Manickavasagam,2,2,4,6.0,3.0,3.0,8.0,3.915151515151515,5.128855286944265,8.2394946E-4,0.0010023388,3,5.855120501267767E-4,0,6,0.41666666,0.008396936174135625
Piyush-Agarwal,Piyush-Agarwal,1,6,7,8.0,1.0,7.0,7.0,2.993939393939394,1.4166666666666667,5.4929964E-4,6.6822587E-4,3,6.213042075424618E-4,0,6,0.26666668,0.0013506718523058504
Allen-Marcos,Allen-Marcos,2,6,8,9.0,2.0,7.0,6.0,3.7151515151515153,1.6764336970219325,8.2394946E-4,0.0010023388,1,6.250873514594954E-4,0,6,0.16666667,0.005944656229842746
Neeraj-Pai,Neeraj-Pai,0,2,2,2.0,0.0,2.0,6.0,3.3987915407854983,0.0,0.0,3.3411293E-4,0,5.367386671337139E-4,0,93,0.5,0.0
Anshul-Garg,Anshul-Garg,1,2,3,3.0,1.0,2.0,8.0,4.3969696969696965,0.5,5.4929964E-4,6.6822587E-4,6,5.814213658512604E-4,0,6,0.33333334,0.0013529815424664921
Sreenivasan-Chandrasekar,Sreenivasan-Chandrasekar,2,3,5,5.0,2.0,3.0,6.0,2.903030303030303,19.490164803376878,8.2394946E-4,6.6822587E-4,2,6.158294028976249E-4,0,6,0.3,0.006570546930231991
Gokul-Srinivas,Gokul-Srinivas,0,15,15,15.0,0.0,15.0,6.0,2.5347432024169185,0.0,0.0,3.3411293E-4,1,5.367386671337139E-4,0,94,0.104761906,0.0
Praveen-Jeganathan,Praveen-Jeganathan,6,1,7,7.0,6.0,1.0,8.0,4.409090909090909,0.0,0.0019225487,0.0023387906,6,9.491243452236584E-4,0,6,0.21428572,0.03202149174691447
Vageesh-Dc,Vageesh-Dc,7,2,9,10.0,8.0,2.0,8.0,4.409090909090909,0.3382973492427274,0.0021971986,0.0026729035,6,0.0011514303814638951,0,6,0.1388889,0.047198120349874174
Nick-du-Plessis,Nick-du-Plessis,19,18,37,41.0,19.0,22.0,6.0,2.9484848484848483,1122.2199064809085,0.0054929964,0.0063481457,1,0.0021314846633224437,0,6,0.12923351,0.0883173498594831
Sai-Prithvi,Sai-Prithvi,0,1,1,1.0,0.0,1.0,8.0,4.410876132930514,0.0,0.0,3.3411293E-4,6,5.367386671337139E-4,0,95,0.0,0.0
Aditya-Veer-Singh,Aditya-Veer-Singh,26,5,31,36.0,30.0,6.0,7.0,3.672727272727273,569.6981578757536,0.007415545,0.008352824,6,0.005736120037322463,0,6,0.090322584,0.09621285610383948
Srikanth-Sanga,Srikanth-Sanga,4,1,5,5.0,4.0,1.0,8.0,4.409090909090909,0.0,0.0013732491,0.0016705646,6,6.154767029863121E-4,0,6,0.2,0.009306880455042526
Rachit-Pareek,Rachit-Pareek,1,12,13,14.0,1.0,13.0,6.0,3.193939393939394,599.5828589115448,5.4929964E-4,6.6822587E-4,6,6.308014859388143E-4,0,6,0.121212125,0.008340186630315601
Manish-Jha,Manish-Jha,3,7,10,12.0,4.0,8.0,6.0,2.7545454545454544,278.7174769251693,0.0010985993,0.0013364517,3,7.997590628198522E-4,0,6,0.14285715,0.004899637610849967
Nikhil-Shimpi,Nikhil-Shimpi,8,7,15,17.0,9.0,8.0,7.0,3.124242424242424,573.8202115305983,0.0024718484,0.0026729035,6,0.0011720701278564202,0,6,0.104395606,0.03550177903770121
Vivek-Ratnaparkhi,Vivek-Ratnaparkhi,0,1,1,1.0,0.0,1.0,8.0,4.410876132930514,0.0,0.0,3.3411293E-4,6,5.367386671337139E-4,0,96,0.0,0.0
Amol-Vaidya,Amol-Vaidya,0,2,2,2.0,0.0,2.0,7.0,4.030211480362538,0.0,0.0,3.3411293E-4,0,5.367386671337139E-4,0,97,0.5,0.0
Coes-Apollo,Coes-Apollo,1,1,2,3.0,1.0,2.0,8.0,4.409090909090909,0.0,5.4929964E-4,6.6822587E-4,6,5.547687738186581E-4,0,6,0.5,0.002809156870638337
Apoorv-Upadhye,Apoorv-Upadhye,2,1,3,3.0,2.0,1.0,8.0,4.409090909090909,0.0,8.2394946E-4,0.0010023388,6,8.210931150285523E-4,0,6,0.5,0.017730023732637688
Mathew-Jose,Mathew-Jose,10,2,12,13.0,11.0,2.0,8.0,4.248484848484848,4.719487822119401,0.003021148,0.0036752422,6,0.0014893530084573601,0,6,0.21969697,0.05359526921411454
Shankar-Ganesh,Shankar-Ganesh,0,3,3,3.0,0.0,3.0,6.0,2.9274924471299095,0.0,0.0,3.3411293E-4,3,5.367386671337139E-4,0,98,0.6666667,0.0
Gaurav-Chaudhary,Gaurav-Chaudhary,1,6,7,7.0,1.0,6.0,7.0,3.390909090909091,0.6984126984126984,5.4929964E-4,6.6822587E-4,0,6.024987004195687E-4,0,6,0.30952382,0.007130350559242462
Ratul-Jindal,Ratul-Jindal,3,3,6,7.0,3.0,4.0,8.0,4.403030303030303,0.20127918028039177,0.0010985993,0.0013364517,6,5.875712840293394E-4,0,6,0.2,0.010864136154764564
Noah-Wheeler,Noah-Wheeler,0,2,2,2.0,0.0,2.0,8.0,4.398791540785498,0.0,0.0,3.3411293E-4,0,5.367386671337139E-4,0,99,0.5,0.0
Rakesh-Lavuri,Rakesh-Lavuri,1,6,7,7.0,1.0,6.0,7.0,3.506060606060606,0.0,5.4929964E-4,6.6822587E-4,0,5.998578832333645E-4,0,6,0.33333334,0.0025042663714753316
Lucy-V-Hay,Lucy-V-Hay,0,1,1,1.0,0.0,1.0,8.0,4.410876132930514,0.0,0.0,3.3411293E-4,6,5.367386671337139E-4,0,100,0.0,0.0
Manan-Nayak,Manan-Nayak,7,1,8,9.0,7.0,2.0,8.0,4.409090909090909,0.0,0.0021971986,0.0026729035,6,0.0012648210515418378,0,6,0.26785713,0.038733189941482025
Jianyi-Li,Jianyi-Li,0,2,2,2.0,0.0,2.0,7.0,3.8580060422960725,0.0,0.0,3.3411293E-4,1,5.367386671337139E-4,0,101,0.5,0.0
Brajesh-Goyal,Brajesh-Goyal,0,2,2,2.0,0.0,2.0,7.0,4.027190332326284,0.0,0.0,3.3411293E-4,2,5.367386671337139E-4,0,102,0.5,0.0
Mahesh-Bhatti,Mahesh-Bhatti,0,1,1,2.0,0.0,2.0,8.0,4.410876132930514,0.0,0.0,3.3411293E-4,6,5.367386671337139E-4,0,103,0.0,0.0
Emmanuel-Fabella,Emmanuel-Fabella,4,13,17,20.0,4.0,16.0,5.0,2.9060606060606062,158.79010338054982,0.0013732491,0.0016705646,2,8.967189895184221E-4,0,6,0.2375,0.024731104249799237
Mark-Levin,Mark-Levin,0,1,1,1.0,0.0,1.0,8.0,4.410876132930514,0.0,0.0,3.3411293E-4,6,5.367386671337139E-4,0,104,0.0,0.0
Edward-Claro-Mader,Edward-Claro-Mader,23,29,52,57.0,24.0,33.0,6.0,2.590909090909091,3983.328222020318,0.0065915957,0.0076845973,2,0.0027030954718289505,0,6,0.10979592,0.08708693801897899
Katie-Hoban,Katie-Hoban,34,38,72,73.0,34.0,39.0,7.0,2.6363636363636362,11687.609980958463,0.009612744,0.010691614,6,0.008122468220818925,0,6,0.039186507,0.1286721040135729
Divya-Narayan,Divya-Narayan,0,3,3,3.0,0.0,3.0,7.0,4.02416918429003,0.0,0.0,3.3411293E-4,1,5.367386671337139E-4,0,105,0.33333334,0.0
Saurabh-Pushkar,Saurabh-Pushkar,2,6,8,8.0,2.0,6.0,7.0,3.815151515151515,2.7179685510567864,8.2394946E-4,0.0010023388,0,0.0012046832653591372,0,6,0.19642857,0.016410908740094446
Yuba-Meg,Yuba-Meg,5,10,15,16.0,5.0,11.0,6.0,2.709090909090909,322.7648783142767,0.0016478989,0.0020046777,6,8.293133612944815E-4,0,6,0.12820514,0.018259924674386346
Sai-Sameer,Sai-Sameer,1,4,5,5.0,1.0,4.0,8.0,4.293939393939394,479.83333333333337,5.4929964E-4,6.6822587E-4,0,5.521896248953433E-4,0,6,0.25,0.0022576016815326187
Selestine-Mtei,Selestine-Mtei,0,1,1,1.0,0.0,1.0,8.0,4.410876132930514,0.0,0.0,3.3411293E-4,6,5.367386671337139E-4,0,106,0.0,0.0
Shreyas-Banthalpad,Shreyas-Banthalpad,18,3,21,21.0,18.0,3.0,8.0,4.406060606060606,3.956162142688016,0.0052183466,0.0063481457,6,0.002251199703488247,0,6,0.15238096,0.08930349754529177
Ishaan-Singh,Ishaan-Singh,5,1,6,6.0,5.0,1.0,8.0,4.409090909090909,0.0,0.0016478989,0.0016705646,0,7.571717470386934E-4,0,6,0.16666667,0.021405670336609776
Vivek-Muralidharan,Vivek-Muralidharan,0,3,3,3.0,0.0,3.0,7.0,3.8489425981873113,0.0,0.0,3.3411293E-4,0,5.367386671337139E-4,0,107,0.5,0.0
Nikita-Butakov,Nikita-Butakov,39,17,56,59.0,41.0,18.0,6.0,3.033333333333333,2731.4586102405597,0.010985993,0.010023388,1,0.0043606479343464895,0,6,0.06363636,0.10030540644364234
Monique-Lindquist,Monique-Lindquist,10,24,34,40.0,12.0,28.0,5.0,2.6636363636363636,1586.3641804564627,0.003021148,0.0036752422,2,0.001977884871993283,0,6,0.11375661,0.052765705198589995
Rishav-Kumar,Rishav-Kumar,5,1,6,8.0,7.0,1.0,8.0,4.409090909090909,0.0,0.0016478989,0.0020046777,3,8.946159558893672E-4,0,6,0.16666667,0.009942539087873375
Dayton-Griffin,Dayton-Griffin,6,22,28,30.0,6.0,24.0,5.0,2.915151515151515,1523.7300852192618,0.0019225487,0.0023387906,6,8.607785885146958E-4,0,6,0.05698006,0.02072903034425018
Fariz-Hamid,Fariz-Hamid,9,6,15,16.0,9.0,7.0,6.0,2.8848484848484848,450.16796222540546,0.0027464982,0.0030070164,6,0.0012180898185298926,0,6,0.12637363,0.044993879927001636
Mukul-Rawal,Mukul-Rawal,5,7,12,13.0,5.0,8.0,6.0,2.8363636363636364,108.444772609591,0.0016478989,0.0020046777,0,7.739829625467579E-4,0,6,0.26363635,0.028031270114262173
Ankit-Gupta,Ankit-Gupta,25,33,58,63.0,27.0,36.0,5.0,2.478787878787879,6713.798258556234,0.0071408954,0.0076845973,0,0.002552926188638115,0,6,0.08295626,0.08853083247172962
Radchenko-Viktor,Radchenko-Viktor,1,1,2,2.0,1.0,1.0,8.0,4.418181818181818,0.0,5.4929964E-4,6.6822587E-4,6,0.006845911117535266,0,6,0.0,0.08500523084579778
Rohit-Sharma,Rohit-Sharma,2,6,8,8.0,2.0,6.0,7.0,3.021212121212121,1.8676470588235294,8.2394946E-4,0.0010023388,3,6.21560955986266E-4,0,6,0.2857143,0.00524521745359705
Rohit-Shinde,Rohit-Shinde,1,4,5,5.0,1.0,4.0,7.0,3.8454545454545452,0.3448773448773449,5.4929964E-4,6.6822587E-4,0,5.699959822670801E-4,0,6,0.35,0.0023000801450092814
Abhijit-Zimare,Abhijit-Zimare,12,8,20,22.0,13.0,9.0,7.0,3.0242424242424244,249.7717274457771,0.0035704477,0.0040093553,2,0.0015715289264928406,0,6,0.19883041,0.058265662789629656
Varun-Moka,Varun-Moka,0,5,5,5.0,0.0,5.0,7.0,4.018126888217522,0.0,0.0,3.3411293E-4,6,5.367386671337139E-4,0,108,0.2,0.0
Deepak-Kathayat,Deepak-Kathayat,1,4,5,6.0,1.0,5.0,7.0,3.0484848484848484,143.56011904761908,5.4929964E-4,6.6822587E-4,3,6.672217015274589E-4,0,6,0.3,9.810389593888837E-4
Subhashish-Bhattacherjee,Subhashish-Bhattacherjee,14,4,18,21.0,17.0,4.0,7.0,3.8454545454545452,5.913610835018025,0.0041197473,0.004343468,0,0.0014750127863449088,0,6,0.15686275,0.0631359192731021
MuniRam-Meena,MuniRam-Meena,4,10,14,16.0,4.0,12.0,6.0,3.1818181818181817,40.374223015849935,0.0013732491,0.0016705646,6,6.692370799995086E-4,0,6,0.14393939,0.014497189256422693
Ugam-Kamat,Ugam-Kamat,3,5,8,8.0,3.0,5.0,7.0,3.66969696969697,5.14022641753273,0.0010985993,0.0013364517,0,6.86055399601503E-4,0,6,0.30357143,0.00866988513927794
Sri-Teja,Sri-Teja,0,3,3,3.0,0.0,3.0,7.0,4.02416918429003,0.0,0.0,3.3411293E-4,2,5.367386671337139E-4,0,109,0.5,0.0
Kousik-Chowdhury,Kousik-Chowdhury,2,8,10,10.0,2.0,8.0,7.0,3.6575757575757577,0.6348399831969497,8.2394946E-4,0.0010023388,0,5.695411773443952E-4,0,6,0.18888889,0.00805497928412624
Sayantan-Sen,Sayantan-Sen,10,15,25,27.0,12.0,15.0,6.0,2.8363636363636364,1181.6254049524653,0.003021148,0.0036752422,0,0.002207715143381555,0,6,0.14426878,0.0566458784522542
Sudhindra-Katre,Sudhindra-Katre,6,17,23,25.0,6.0,19.0,6.0,2.9363636363636365,945.5051619783372,0.0019225487,0.0023387906,1,0.0012622314184769364,0,6,0.08947369,0.024308186166345374
Ariz-Zubair,Ariz-Zubair,2,8,10,13.0,3.0,10.0,7.0,3.6575757575757577,1.7620761565575807,8.2394946E-4,0.0010023388,5,5.841455976561207E-4,0,6,0.21111111,0.004743133062073654
Atanu-Guin,Atanu-Guin,2,8,10,12.0,2.0,10.0,6.0,3.1303030303030304,14.583838385044793,8.2394946E-4,0.0010023388,2,5.928188886126664E-4,0,6,0.16666667,0.005708585618485279
Wen-Zhao,Wen-Zhao,0,2,2,2.0,0.0,2.0,8.0,4.401812688821752,0.0,0.0,3.3411293E-4,6,5.367386671337139E-4,0,110,0.5,0.0
Ananth-Rao-S,Ananth-Rao-S,6,4,10,11.0,6.0,5.0,7.0,4.0212121212121215,25.701286293909792,0.0019225487,0.0020046777,1,8.017378346286644E-4,0,6,0.17777778,0.02385693162031876
Tejasi-Latkar,Tejasi-Latkar,4,10,14,17.0,4.0,13.0,7.0,3.581818181818182,4.629226332040734,0.0013732491,0.0016705646,1,0.0012402826534011775,0,6,0.18131869,0.02421072119166393
Sanjuna-Stalin,Sanjuna-Stalin,2,3,5,5.0,2.0,3.0,7.0,3.8212121212121213,0.7073232323232324,8.2394946E-4,0.0010023388,0,7.38570963778197E-4,0,6,0.2,0.015300552781459255
Arun-Sugumar,Arun-Sugumar,0,1,1,1.0,0.0,1.0,8.0,4.410876132930514,0.0,0.0,3.3411293E-4,6,5.367386671337139E-4,0,111,0.0,0.0
Roota-Choksi,Roota-Choksi,0,6,6,7.0,0.0,7.0,7.0,3.6797583081570995,0.0,0.0,3.3411293E-4,6,5.367386671337139E-4,0,112,0.2,0.0
Chaochao-Qin,Chaochao-Qin,3,6,9,9.0,3.0,6.0,7.0,3.6666666666666665,1.4176822145862396,0.0010985993,0.0010023388,0,6.335097893723418E-4,0,6,0.2361111,0.013522613637737326
Alon-Amit,Alon-Amit,36,6,42,42.0,36.0,6.0,7.0,3.43030303030303,2609.2287481683775,0.010162043,0.011693953,6,0.024186923963642852,0,6,0.07317073,0.16598637170671962
Vishal-Kaushik,Vishal-Kaushik,2,4,6,7.0,2.0,5.0,7.0,4.124242424242424,34.614749370054625,8.2394946E-4,0.0010023388,0,5.950794085434099E-4,0,6,0.16666667,0.0070095959780722755
Tvss-Pavan-Kumar,Tvss-Pavan-Kumar,4,2,6,6.0,4.0,2.0,8.0,4.409090909090909,0.4181544547643619,0.0013732491,0.0016705646,6,7.885053971289295E-4,0,6,0.16666667,0.020666706004838057
Scott-Lowe,Scott-Lowe,11,3,14,14.0,11.0,3.0,7.0,3.6424242424242426,294.4379435883652,0.0032957979,0.0040093553,2,0.001505799990331256,0,6,0.104395606,0.043016827957903424
Ramu-Thumu,Ramu-Thumu,4,7,11,11.0,4.0,7.0,7.0,3.6,8.324667437825333,0.0013732491,0.0016705646,2,7.562471184744108E-4,0,6,0.13636364,0.011332797926959407
Karan-Gupta,Karan-Gupta,0,2,2,2.0,0.0,2.0,7.0,4.027190332326284,0.0,0.0,3.3411293E-4,2,5.367386671337139E-4,0,113,0.5,0.0
Arka-Pratim-Samajdwar,Arka-Pratim-Samajdwar,2,6,8,8.0,2.0,6.0,7.0,3.5757575757575757,2.6497381703264056,8.2394946E-4,0.0010023388,0,6.325817018096357E-4,0,6,0.35714287,0.008974098485790285
Anwesha-Dash,Anwesha-Dash,10,20,30,33.0,11.0,22.0,6.0,2.496969696969697,5804.5182774765,0.003021148,0.0036752422,6,0.003339728126545096,0,6,0.10307692,0.07589679958869068
Sreenivas-Viswanathan,Sreenivas-Viswanathan,6,4,10,11.0,7.0,4.0,7.0,4.0181818181818185,1.5764935717876893,0.0019225487,0.0023387906,1,7.322630453454234E-4,0,6,0.2,0.018336379997733587
Pranav-Birajdar,Pranav-Birajdar,4,8,12,13.0,4.0,9.0,6.0,2.8515151515151516,78.42219705755868,0.0013732491,0.0016705646,4,7.330510547046106E-4,0,6,0.26363635,0.023936548104148914
Gerd-Moe-Behrens,Gerd-Moe-Behrens,4,3,7,7.0,4.0,3.0,7.0,3.4393939393939394,39.86380533455224,0.0013732491,0.0013364517,2,8.100566033479766E-4,0,6,0.25,0.00960931015625684
Prudhvi-Krishna,Prudhvi-Krishna,3,4,7,8.0,3.0,5.0,7.0,3.0484848484848484,234.916849202171,0.0010985993,0.0013364517,2,0.0012090990953995994,0,6,0.26190478,0.018837527343600464
Karuna-Prasad,Karuna-Prasad,7,18,25,27.0,7.0,20.0,6.0,2.93030303030303,712.7925323267496,0.0021971986,0.0026729035,1,0.001196595396477925,0,6,0.16428572,0.04328934331875621
Praneet-Prakash,Praneet-Prakash,8,5,13,14.0,9.0,5.0,7.0,3.672727272727273,4.013689748381257,0.0024718484,0.0030070164,0,0.0012125866532401103,0,6,0.21794872,0.05137911043564054
Akashdeep-Deb,Akashdeep-Deb,5,9,14,15.0,6.0,9.0,7.0,3.6545454545454548,4.236386638072114,0.0016478989,0.0020046777,6,7.745964165126972E-4,0,6,0.13736264,0.024443437076137133
Shubham-Sharma,Shubham-Sharma,0,7,7,8.0,0.0,8.0,6.0,2.8549848942598186,0.0,0.0,3.3411293E-4,2,5.367386671337139E-4,0,114,0.26190478,0.0
Rushi-Ahuja,Rushi-Ahuja,23,23,46,50.0,24.0,26.0,6.0,2.466666666666667,2657.498775262791,0.0065915957,0.0076845973,1,0.002972341260431462,0,6,0.07882883,0.10146317217317206
Aditya-Pratap-Singh,Aditya-Pratap-Singh,6,15,21,24.0,6.0,18.0,7.0,3.3545454545454545,798.6321390603813,0.0019225487,0.0016705646,1,0.0011724614136078158,0,6,0.110526316,0.020731085279196697
Adnan-Ali-Syed,Adnan-Ali-Syed,1,9,10,13.0,1.0,12.0,6.0,3.309090909090909,1.0452380952380953,5.4929964E-4,6.6822587E-4,2,5.801648086823959E-4,0,6,0.22222222,0.0031958171043959265
Alex-Gomez,Alex-Gomez,0,2,2,2.0,0.0,2.0,6.0,2.906344410876133,0.0,0.0,3.3411293E-4,2,5.367386671337139E-4,0,115,0.5,0.0
Gautam-Kumar,Gautam-Kumar,1,5,6,6.0,1.0,5.0,6.0,2.700906344410876,242.86405483405474,5.4929964E-4,3.3411293E-4,6,6.127772778402495E-4,0,86,0.36666667,8.500523084579777E-4
Devendra-Kumar-Sahu,Devendra-Kumar-Sahu,3,4,7,7.0,3.0,4.0,7.0,3.8181818181818183,73.8577332797921,0.0010985993,0.0013364517,0,8.370748762434166E-4,0,6,0.26190478,0.02015681535855372
Taha-Yavuz-Bodur,Taha-Yavuz-Bodur,25,6,31,34.0,28.0,6.0,7.0,3.687878787878788,2136.3049978903878,0.0071408954,0.008352824,2,0.00287567588877327,0,6,0.11612903,0.09612868987934783
Siddharth-Pathak,Siddharth-Pathak,7,5,12,12.0,7.0,5.0,6.0,2.7,485.47875277713985,0.0021971986,0.0026729035,2,0.0012638512607527632,0,6,0.2,0.03735222259208469
Pratibha-Virenam,Pratibha-Virenam,0,2,2,2.0,0.0,2.0,7.0,4.027190332326284,0.0,0.0,3.3411293E-4,2,5.367386671337139E-4,0,116,0.5,0.0
Houtan-Bozorghadad,Houtan-Bozorghadad,0,1,1,1.0,0.0,1.0,8.0,4.410876132930514,0.0,0.0,3.3411293E-4,6,5.367386671337139E-4,0,117,0.0,0.0
Sidharth-Kriplani,Sidharth-Kriplani,9,6,15,15.0,9.0,6.0,7.0,3.903030303030303,9.394573117249454,0.0027464982,0.0030070164,6,0.0011370381553575796,0,6,0.11904762,0.0451490160793275
Preston-Lee,Preston-Lee,0,3,3,3.0,0.0,3.0,7.0,3.8489425981873113,0.0,0.0,3.3411293E-4,0,5.367386671337139E-4,0,118,0.5,0.0
Niara-Caur,Niara-Caur,4,7,11,13.0,6.0,7.0,7.0,3.8333333333333335,1.6555614931448024,0.0013732491,0.0016705646,1,7.604431242361564E-4,0,6,0.22727273,0.022301880589262565
Krishna-Patni,Krishna-Patni,0,6,6,6.0,0.0,6.0,7.0,3.972809667673716,0.0,0.0,3.3411293E-4,2,5.367386671337139E-4,0,119,0.23333333,0.0
Maruthi-Prasanna-C,Maruthi-Prasanna-C,3,11,14,16.0,4.0,12.0,7.0,3.6424242424242426,8.585731379382462,0.0010985993,0.0013364517,0,5.849921351060246E-4,0,6,0.12087912,0.010312580965658855
Ajay-Tiwary,Ajay-Tiwary,0,8,8,8.0,0.0,8.0,6.0,3.0,0.0,0.0,3.3411293E-4,1,5.367386671337139E-4,0,120,0.14285715,0.0
Harshit-Wadhwani,Harshit-Wadhwani,19,7,26,32.0,25.0,7.0,6.0,3.221212121212121,152.06738722940355,0.0054929964,0.0063481457,1,0.0017914335879344362,0,6,0.108333334,0.07427192995384421
Ihab-Ibarahim-Battawi,Ihab-Ibarahim-Battawi,6,25,31,35.0,6.0,29.0,6.0,2.742424242424242,676.1427720314035,0.0019225487,0.0023387906,1,0.0010920487902036004,0,6,0.1468254,0.033900539980784884
Rishi-Hisariya,Rishi-Hisariya,4,10,14,16.0,5.0,11.0,7.0,3.5787878787878786,3.073880730031814,0.0013732491,0.0016705646,1,6.642210177623673E-4,0,6,0.14835165,0.017292537246757698
Malena-Beauregard,Malena-Beauregard,19,34,53,60.0,22.0,38.0,6.0,2.606060606060606,5789.489929936143,0.0054929964,0.0060140328,1,0.003923335881948988,0,6,0.081949055,0.10062431067908895
Vaishak-Tirumala,Vaishak-Tirumala,12,10,22,25.0,13.0,12.0,7.0,2.903030303030303,197.10091617233948,0.0035704477,0.0040093553,0,0.0013642600806661896,0,6,0.13095239,0.05825968006266624
Amarta-Majumder,Amarta-Majumder,4,12,16,17.0,4.0,13.0,7.0,3.506060606060606,31.64448083485599,0.0013732491,0.0013364517,6,7.391335129721492E-4,0,6,0.13333334,0.012228899553703645
Rishabh-Shah,Rishabh-Shah,1,2,3,3.0,1.0,2.0,7.0,4.024242424242424,0.125,5.4929964E-4,6.6822587E-4,3,5.929360032736141E-4,0,6,0.33333334,0.002390492049498314
Mahesh-Nalawade,Mahesh-Nalawade,10,10,20,23.0,12.0,11.0,7.0,3.4363636363636365,79.01015757312955,0.003021148,0.0036752422,6,0.0012417992827986545,0,6,0.121323526,0.05245666478231876
Chaitanya-Bharech,Chaitanya-Bharech,10,13,23,25.0,11.0,14.0,7.0,3.4909090909090907,42.69996202213762,0.003021148,0.0036752422,1,0.0013125213760716411,0,6,0.11067194,0.03822215904726754
Caro-Realpe,Caro-Realpe,5,6,11,12.0,6.0,6.0,8.0,4.378787878787879,16.358659260929546,0.0016478989,0.0020046777,1,6.545688779399681E-4,0,6,0.15454546,0.01288487349383289
Ganesh-Ram,Ganesh-Ram,0,4,4,4.0,0.0,4.0,7.0,3.0574018126888216,0.0,0.0,3.3411293E-4,3,5.367386671337139E-4,0,121,0.33333334,0.0
Gaurav-Koley,Gaurav-Koley,0,3,3,3.0,0.0,3.0,7.0,4.066465256797583,0.0,0.0,3.3411293E-4,2,5.367386671337139E-4,0,122,0.8333333,0.0
Joshua-Abenazer,Joshua-Abenazer,3,12,15,16.0,4.0,12.0,7.0,3.2696969696969695,20.97012055805257,0.0010985993,0.0013364517,0,6.450963505525554E-4,0,6,0.16666667,0.010399429153171477
Minhaj-Muhammad,Minhaj-Muhammad,2,5,7,7.0,2.0,5.0,7.0,3.9727272727272727,7.883598927134395,8.2394946E-4,0.0010023388,2,6.874319935661571E-4,0,6,0.23809524,0.00796172665114821
Tarun-Gehlot,Tarun-Gehlot,3,4,7,7.0,3.0,4.0,7.0,4.0212121212121215,4.26438463497287,0.0010985993,0.0013364517,2,8.779735244223817E-4,0,6,0.21428572,0.013056009834100168
Aniket-Marne,Aniket-Marne,4,3,7,8.0,5.0,3.0,8.0,4.403030303030303,0.3304144385026738,0.0013732491,0.0016705646,0,6.581923515996067E-4,0,6,0.26190478,0.018805586161037113
Jean-Marion,Jean-Marion,39,12,51,51.0,39.0,12.0,6.0,2.9424242424242424,5569.1038501379335,0.010985993,0.012362178,1,0.007664408915736502,0,6,0.07198068,0.1645909160395378
Mrinal-Purohit,Mrinal-Purohit,1,9,10,10.0,1.0,9.0,7.0,3.3575757575757574,9.937204389762435,5.4929964E-4,6.6822587E-4,1,6.125726586549755E-4,0,6,0.17777778,0.01402821370608486
Lang-Lu,Lang-Lu,0,3,3,3.0,0.0,3.0,7.0,4.02416918429003,0.0,0.0,3.3411293E-4,1,5.367386671337139E-4,0,123,0.33333334,0.0
Samarth-Khare,Samarth-Khare,7,9,16,19.0,10.0,9.0,7.0,3.618181818181818,13.409099558953267,0.0021971986,0.0023387906,0,8.449449135959975E-4,0,6,0.1375,0.02246713089975603
Vasu-Jindal,Vasu-Jindal,1,1,2,2.0,1.0,1.0,8.0,4.409090909090909,0.0,5.4929964E-4,6.6822587E-4,2,6.125726586549755E-4,0,6,0.5,0.01402821370608486
Rajat-Agrawal,Rajat-Agrawal,1,3,4,4.0,1.0,3.0,6.0,2.945619335347432,68.34660928167122,5.4929964E-4,6.6822587E-4,0,5.755274530102174E-4,0,69,0.25,9.655216268564386E-4
Minhaz-Mishu,Minhaz-Mishu,12,3,15,16.0,13.0,3.0,7.0,4.027272727272727,6.993527714115949,0.0035704477,0.0040093553,0,0.001553276149156401,0,6,0.14285715,0.05236328382575416
Louise-Stephan,Louise-Stephan,1,3,4,5.0,1.0,4.0,7.0,4.357575757575757,2.0,5.4929964E-4,6.6822587E-4,6,9.393027587142834E-4,0,6,0.33333334,0.0011067975719415916
Kevin-Harris,Kevin-Harris,0,1,1,1.0,0.0,1.0,8.0,4.410876132930514,0.0,0.0,3.3411293E-4,6,5.367386671337139E-4,0,124,0.0,0.0
Kevin-Luo,Kevin-Luo,0,1,1,1.0,0.0,1.0,8.0,4.410876132930514,0.0,0.0,3.3411293E-4,6,5.367386671337139E-4,0,125,0.0,0.0
Kiran-Peyyala,Kiran-Peyyala,7,30,37,42.0,7.0,35.0,6.0,2.4757575757575756,2133.593076821431,0.0021971986,0.0026729035,3,0.0010102777237500293,0,6,0.09579832,0.028295023345612832
Anand-Kumar-Pandey,Anand-Kumar-Pandey,1,3,4,4.0,1.0,3.0,7.0,3.396969696969697,0.8073306954562952,5.4929964E-4,6.6822587E-4,2,6.159675497900566E-4,0,6,0.33333334,0.006979956281098851
Amit-Upadhyay,Amit-Upadhyay,3,2,5,5.0,3.0,2.0,7.0,3.56969696969697,20.611271848678516,0.0010985993,0.0013364517,5,7.756010028383714E-4,0,6,0.3,0.012617477752983481
Zoie-Yang,Zoie-Yang,3,5,8,9.0,3.0,6.0,7.0,4.0181818181818185,0.5768971224853577,0.0010985993,0.0013364517,0,6.304643069241178E-4,0,6,0.23214285,0.010813282908156271
Pawan-Goon,Pawan-Goon,3,7,10,10.0,3.0,7.0,7.0,3.596969696969697,55.29196125931605,0.0010985993,0.0013364517,6,7.132543768639737E-4,0,6,0.23333333,0.021053104821938427
Karthik-Gaddipati,Karthik-Gaddipati,18,12,30,37.0,25.0,12.0,5.0,2.687878787878788,1570.605270642689,0.0052183466,0.0060140328,1,0.0019098808375601153,0,6,0.18660969,0.07807051871903782
Gurasis-Dhesi,Gurasis-Dhesi,0,1,1,1.0,0.0,1.0,8.0,4.410876132930514,0.0,0.0,3.3411293E-4,6,5.367386671337139E-4,0,126,0.0,0.0
Vedanta-Bagchi,Vedanta-Bagchi,0,1,1,1.0,0.0,1.0,8.0,4.410876132930514,0.0,0.0,3.3411293E-4,6,5.367386671337139E-4,0,127,0.0,0.0
John-Kenneff,John-Kenneff,1,2,3,5.0,1.0,4.0,8.0,4.406060606060606,0.029411764705882353,5.4929964E-4,6.6822587E-4,1,5.568870974141247E-4,0,6,0.33333334,0.005542210770036887
Narendra-Yadav,Narendra-Yadav,1,1,2,2.0,1.0,1.0,8.0,4.409090909090909,0.0,5.4929964E-4,6.6822587E-4,6,5.542537813483968E-4,0,6,0.5,0.0033238679611194365
Adam-Cole,Adam-Cole,0,1,1,1.0,0.0,1.0,8.0,4.410876132930514,0.0,0.0,3.3411293E-4,6,5.367386671337139E-4,0,128,0.0,0.0
Zuwa-Sinkamba,Zuwa-Sinkamba,1,1,2,3.0,1.0,2.0,8.0,4.409090909090909,0.0,5.4929964E-4,6.6822587E-4,6,5.493927470639844E-4,0,6,0.5,0.0025127685140893473
JB-Badjo,JB-Badjo,0,1,1,1.0,0.0,1.0,8.0,4.410876132930514,0.0,0.0,3.3411293E-4,6,5.367386671337139E-4,0,129,0.0,0.0
Mi-A-Soar,Mi-A-Soar,0,3,3,4.0,0.0,4.0,8.0,4.398791540785498,0.0,0.0,3.3411293E-4,6,5.367386671337139E-4,0,130,0.33333334,0.0
Eddie-Tsang,Eddie-Tsang,0,1,1,1.0,0.0,1.0,8.0,4.410876132930514,0.0,0.0,3.3411293E-4,6,5.367386671337139E-4,0,131,0.0,0.0
Robin-Ken,Robin-Ken,0,2,2,3.0,0.0,3.0,8.0,4.398791540785498,0.0,0.0,3.3411293E-4,6,5.367386671337139E-4,0,132,0.5,0.0
Aqeel-Nihad-Al-Ameer,Aqeel-Nihad-Al-Ameer,0,2,2,3.0,0.0,3.0,7.0,3.8580060422960725,0.0,0.0,3.3411293E-4,6,5.367386671337139E-4,0,133,0.5,0.0
Samir-Sureshbabu,Samir-Sureshbabu,0,1,1,2.0,0.0,2.0,8.0,4.410876132930514,0.0,0.0,3.3411293E-4,6,5.367386671337139E-4,0,134,0.0,0.0
Jeremy-Westerman,Jeremy-Westerman,1,1,2,3.0,1.0,2.0,8.0,4.409090909090909,0.0,5.4929964E-4,6.6822587E-4,6,6.024987004195687E-4,0,6,0.5,0.007130350559242462
Gemima-Cadet,Gemima-Cadet,0,1,1,2.0,0.0,2.0,8.0,4.410876132930514,0.0,0.0,3.3411293E-4,6,5.367386671337139E-4,0,135,0.0,0.0
Victor-Manuel-Pinzon-Reyes,Victor-Manuel-Pinzon-Reyes,1,3,4,5.0,1.0,4.0,8.0,4.4,0.19523809523809524,5.4929964E-4,6.6822587E-4,6,5.493927470639844E-4,0,6,0.25,0.0025127685140893473
Rameshwari-Srinivasan,Rameshwari-Srinivasan,0,2,2,2.0,0.0,2.0,8.0,4.40785498489426,0.0,0.0,3.3411293E-4,0,5.367386671337139E-4,0,136,0.5,0.0
Oli-Palmer,Oli-Palmer,1,2,3,3.0,1.0,2.0,7.0,3.824242424242424,0.1801470588235294,5.4929964E-4,6.6822587E-4,6,5.493927470639844E-4,0,6,0.33333334,0.0025127685140893473
Rupali-Krishnan,Rupali-Krishnan,0,2,2,3.0,0.0,3.0,8.0,4.40785498489426,0.0,0.0,3.3411293E-4,6,5.367386671337139E-4,0,137,0.5,0.0
Sidrah-Moiz-Khan,Sidrah-Moiz-Khan,0,2,2,3.0,0.0,3.0,8.0,4.40785498489426,0.0,0.0,3.3411293E-4,6,5.367386671337139E-4,0,138,0.5,0.0
Sairam-Seri,Sairam-Seri,7,14,21,22.0,7.0,15.0,6.0,3.090909090909091,136.35236384079772,0.0021971986,0.0026729035,1,9.922947486972601E-4,0,6,0.11111111,0.03301494429415546
VrayZenz-Goncalves,VrayZenz-Goncalves,0,2,2,3.0,0.0,3.0,7.0,4.030211480362538,0.0,0.0,3.3411293E-4,6,5.367386671337139E-4,0,139,0.5,0.0
Francisco-Ramirez,Francisco-Ramirez,0,1,1,1.0,0.0,1.0,8.0,4.410876132930514,0.0,0.0,3.3411293E-4,6,5.367386671337139E-4,0,140,0.0,0.0
Abood-Zaqzouq,Abood-Zaqzouq,0,1,1,2.0,0.0,2.0,8.0,4.410876132930514,0.0,0.0,3.3411293E-4,6,5.367386671337139E-4,0,141,0.0,0.0
Felea-Emanuel,Felea-Emanuel,1,1,2,3.0,1.0,2.0,8.0,4.409090909090909,0.0,5.4929964E-4,6.6822587E-4,6,6.024987004195687E-4,0,6,0.5,0.007130350559242462
Anna-Barrett,Anna-Barrett,0,1,1,1.0,0.0,1.0,8.0,4.410876132930514,0.0,0.0,3.3411293E-4,6,5.367386671337139E-4,0,142,0.0,0.0
Siva-Kumar,Siva-Kumar,3,6,9,10.0,4.0,6.0,7.0,3.187878787878788,122.20448292415517,0.0010985993,0.0013364517,3,6.913307653172544E-4,0,6,0.17857143,0.013751908387154807
Romeo-Goosens,Romeo-Goosens,0,2,2,3.0,0.0,3.0,8.0,4.40785498489426,0.0,0.0,3.3411293E-4,6,5.367386671337139E-4,0,143,0.5,0.0
Makarella-Evans,Makarella-Evans,0,1,1,2.0,0.0,2.0,8.0,4.410876132930514,0.0,0.0,3.3411293E-4,6,5.367386671337139E-4,0,144,0.0,0.0
Saurabh-Sahane,Saurabh-Sahane,1,3,4,5.0,1.0,4.0,8.0,4.2696969696969695,2.1071950509021447,5.4929964E-4,6.6822587E-4,6,5.568870974141247E-4,0,6,0.25,0.005542210770036887
Thomas-Ludwig,Thomas-Ludwig,0,1,1,1.0,0.0,1.0,8.0,4.410876132930514,0.0,0.0,3.3411293E-4,6,5.367386671337139E-4,0,145,0.0,0.0
Anantha-Kumar,Anantha-Kumar,0,1,1,1.0,0.0,1.0,8.0,4.410876132930514,0.0,0.0,3.3411293E-4,6,5.367386671337139E-4,0,146,0.0,0.0
Alba-Ortega,Alba-Ortega,0,1,1,1.0,0.0,1.0,8.0,4.410876132930514,0.0,0.0,3.3411293E-4,6,5.367386671337139E-4,0,147,0.0,0.0
Hemant-Kumar,Hemant-Kumar,3,7,10,13.0,5.0,8.0,6.0,2.584848484848485,548.6527274800649,0.0010985993,0.0013364517,3,6.964063121332513E-4,0,6,0.39285713,0.005642681450601425
Trey-Moore,Trey-Moore,3,1,4,4.0,3.0,1.0,8.0,4.409090909090909,0.0,0.0010985993,0.0010023388,5,6.55339643993126E-4,0,6,0.25,0.017435262367283294
Guo-Lieheng,Guo-Lieheng,0,1,1,2.0,0.0,2.0,8.0,4.410876132930514,0.0,0.0,3.3411293E-4,6,5.367386671337139E-4,0,148,0.0,0.0
Vishvender-Rawat,Vishvender-Rawat,1,2,3,4.0,1.0,3.0,8.0,4.403030303030303,0.16666666666666666,5.4929964E-4,6.6822587E-4,6,5.493927470639844E-4,0,6,0.33333334,0.0025127685140893473
Julien-Lambert,Julien-Lambert,0,1,1,1.0,0.0,1.0,8.0,4.410876132930514,0.0,0.0,3.3411293E-4,6,5.367386671337139E-4,0,149,0.0,0.0
Ronak-Mehta,Ronak-Mehta,0,5,5,5.0,0.0,5.0,6.0,2.900302114803625,0.0,0.0,3.3411293E-4,2,5.367386671337139E-4,0,150,0.35,0.0
Christian-Del-Moral,Christian-Del-Moral,0,1,1,2.0,0.0,2.0,8.0,4.410876132930514,0.0,0.0,3.3411293E-4,6,5.367386671337139E-4,0,151,0.0,0.0
Wang-Yihao,Wang-Yihao,0,1,1,1.0,0.0,1.0,8.0,4.410876132930514,0.0,0.0,3.3411293E-4,6,5.367386671337139E-4,0,152,0.0,0.0
Hamza-Riaz,Hamza-Riaz,0,1,1,2.0,0.0,2.0,8.0,4.410876132930514,0.0,0.0,3.3411293E-4,6,5.367386671337139E-4,0,153,0.0,0.0
Mahesh-Kale,Mahesh-Kale,0,1,1,1.0,0.0,1.0,8.0,4.410876132930514,0.0,0.0,3.3411293E-4,6,5.367386671337139E-4,0,154,0.0,0.0
Jason-Salisbury,Jason-Salisbury,0,1,1,1.0,0.0,1.0,8.0,4.410876132930514,0.0,0.0,3.3411293E-4,6,5.367386671337139E-4,0,155,0.0,0.0
Kelly-Zhang,Kelly-Zhang,0,1,1,1.0,0.0,1.0,8.0,4.410876132930514,0.0,0.0,3.3411293E-4,6,5.367386671337139E-4,0,156,0.0,0.0
Joshua-Stuart,Joshua-Stuart,0,1,1,1.0,0.0,1.0,8.0,4.410876132930514,0.0,0.0,3.3411293E-4,6,5.367386671337139E-4,0,157,0.0,0.0
Farrukh-Mehmood,Farrukh-Mehmood,1,1,2,2.0,1.0,1.0,8.0,4.409090909090909,0.0,5.4929964E-4,6.6822587E-4,0,6.024987004195687E-4,0,6,0.5,0.007130350559242462
Eric-Wu,Eric-Wu,2,2,4,4.0,2.0,2.0,7.0,4.363636363636363,1431.5,8.2394946E-4,0.0010023388,6,0.0012102936019759087,0,6,0.25,0.008506259726938772
Moh-Magdy,Moh-Magdy,0,1,1,2.0,0.0,2.0,8.0,4.410876132930514,0.0,0.0,3.3411293E-4,6,5.367386671337139E-4,0,158,0.0,0.0
Naresh-Kumar,Naresh-Kumar,0,3,3,4.0,0.0,4.0,7.0,3.0572289156626504,0.0,0.0,3.3411293E-4,6,5.367386671337139E-4,0,159,0.33333334,0.0
